_id,Proj ID,Department,Project_Name,Scope_Of_Work,PM_Department,Project_Status,Neighborhood,Authorization_Existing,Authorization_FY,Authorization_Future,OC_Existing,OC_FY,OC_Future,Grant_Existing,Grant_FY,Grant_Future,GO_Expended,Capital_Year_0,CapitalYear_1,Capital_Year_25,OC_Expended,OC_Year_0,OC_Year_1,OCYear_25,Grant_Expended,Grant_Year_0,Grant_Year_1,GrantYear_25,External_Funds,Total_Project_Budget
1,CCC25057,Boston Centers for Youth and Families,BCYF Allston Community Center,Develop building program and assess siting options for a new community center in Allston/Brighton.,Public Facilities Department,Study Underway,Allston / Brighton,4125000,0,5875000,0,0,0,0,0,0,102193,100000,200000,9597807,0,0,0,0,0,0,0,0,0,10000000
2,CCC25328,Boston Centers for Youth and Families,BCYF Curley Phase II,"Make repairs to the plumbing, floors, and replace the roof.",Property Management Department,In Design,South Boston,511400,3488600,0,0,0,0,0,0,0,34276,50000,1000000,2915724,0,0,0,0,0,0,0,0,0,4000000
3,CCC25165,Boston Centers for Youth and Families,BCYF Grove Hall Community Center,Design and construct a new community center in Grove Hall based on the recent programming study.,Public Facilities Department,In Construction,Dorchester,65000000,0,0,0,0,0,0,0,0,3159760,10000000,22000000,29840240,0,0,0,0,0,0,0,0,0,65000000
4,CCC25010,Boston Centers for Youth and Families,BCYF Grove Hall Community Center,"Repairs and renovations to the Center, including adding a splash pad, repairing the roof, and renovating the teen room.",Public Facilities Department,In Construction,Hyde Park,1000000,5000000,0,0,0,0,0,0,0,227395,50000,100000,5622605,0,0,0,0,0,0,0,0,0,6000000
5,CCC24755,Boston Centers for Youth and Families,BCYF North End Community Center,Design and construct a new North End Community Center.,Public Facilities Department,In Construction,North End,68600000,22000000,0,0,0,0,0,0,0,1362885,15000000,32000000,42237115,0,0,0,0,0,0,0,0,20000000,110600000
6,CCC24942,Boston Centers for Youth and Families,BCYF Security and Technology Upgrades,Improvements to technology infrastructure and security systems including cameras at all stand alone sites.,Boston Centers for Youth and Families,Implementation Underway,Citywide,2000000,0,0,0,0,0,0,0,0,0,200000,0,1800000,0,0,0,0,0,0,0,0,0,2000000
7,CCC25109,Boston Centers for Youth and Families,BCYF Tobin Community Center Improvements,"Renovations to the Tobin Community Center, including accessibility improvements and AC work in the gym space.",Public Facilities Department,In Construction,Mission Hill,4200000,0,0,0,0,0,0,0,0,38600,75000,1500000,2586400,0,0,0,0,0,0,0,0,0,4200000
8,CCC24941,Boston Centers for Youth and Families,BCYF Tobin Community Center Retaining Wall,Repair or replace the retaining wall adjacent to the BCYF Tobin Community Center.,Public Facilities Department,In Design,Mission Hill,1800000,0,0,0,0,0,0,0,0,85129,0,100000,1614871,0,0,0,0,0,0,0,0,0,1800000
9,CCC24930,Boston Centers for Youth and Families,Pool Repairs,"Renovate and upgrade locker rooms and pools including filtration systems, pool liners, and dehumidification and HVAC systems at various BCYF/BPS pool facilities.",Boston Centers for Youth and Families,Annual Program,Citywide,5000000,2000000,0,0,0,0,0,0,0,1717539,0,250000,5032461,0,0,0,0,0,0,0,0,0,7000000
10,CCC25068,Boston Centers for Youth and Families,Youth Budget Round 10,"With funds approved by the Mayors Youth Council, make improvements to shelter facilities and improve sport and active recreation facilities.",Youth Engagement and Advancement,Implementation Underway,Citywide,1000000,0,0,0,0,0,0,0,0,0,50000,500000,450000,0,0,0,0,0,0,0,0,0,1000000
11,CCC24658,Boston Centers for Youth and Families,Youth Budget Round 5,"With funds approved by the Mayors Youth Council, make HVAC improvements in schools, recommission solar panels on two buildings, and improve teen spaces at Hyde Park Community Center.",Youth Engagement and Advancement,Implementation Underway,Citywide,1000000,0,0,0,0,0,0,0,0,0,50000,500000,450000,0,0,0,0,0,0,0,0,0,1000000
12,CCC24756,Boston Centers for Youth and Families,Youth Budget Round 6,"With funds approved by the Mayors Youth Council, make improvements to park and active recreational facilities across the city.",Youth Engagement and Advancement,Implementation Underway,Citywide,1000000,0,0,0,0,0,0,0,0,667798,50000,282202,0,0,0,0,0,0,0,0,0,0,1000000
13,CCC24819,Boston Centers for Youth and Families,Youth Budget Round 7,"With funds approved by the Mayors Youth Council, increase street tree planting, support an MOH managed community garden, and make improvements at the Woods Mullen Shelter.",Youth Engagement and Advancement,Implementation Underway,Citywide,1000000,0,0,0,0,0,0,0,0,0,50000,500000,450000,0,0,0,0,0,0,0,0,0,1000000
14,CCC24943,Boston Centers for Youth and Families,Youth Budget Round 8,"With funds approved by the Mayors Youth Council, make improvements to courts and other active recreational facilities around the city.",Youth Engagement and Advancement,Implementation Underway,Citywide,1000000,0,0,0,0,0,0,0,0,0,50000,500000,450000,0,0,0,0,0,0,0,0,0,1000000
15,CCC25002,Boston Centers for Youth and Families,Youth Budget Round 9,"With funds approved by the Mayors Youth Council, make improvements to shelter facilities in the city.",Youth Engagement and Advancement,Implementation Underway,Citywide,1000000,0,0,0,0,0,0,0,0,0,50000,500000,450000,0,0,0,0,0,0,0,0,0,1000000
16,CPH24914,Public Health Commission,EMS Radio System Upgrades,Design and implement upgrades to the EMS radio system.,Public Health Commission,Implementation Underway,Citywide,23215000,0,0,0,0,0,0,0,0,14204845,500000,500000,8010155,0,0,0,0,0,0,0,0,0,23215000
17,CPH24825,Public Health Commission,EMS Seaport Station,Design and construction of a new EMS station.,Public Facilities Department,In Construction,South Boston,16000000,0,0,0,0,0,0,0,0,3083366,9000000,3916634,0,0,0,0,0,0,0,0,0,0,16000000
18,CPH25189,Public Health Commission,Franklin Park Ambulance Station,Study for new Boston EMS station within Franklin Park.,Public Facilities Department,To Be Scheduled,Roxbury,200000,0,0,0,0,0,0,0,0,0,0,0,200000,0,0,0,0,0,0,0,0,0,200000
19,CPH24919,Public Health Commission,Long Island Facility Preservation,Repair and upkeep of buildings on Long Island that may be utilized in the development of the recovery campus.,Public Facilities Department,In Construction,Harbor Islands,38220000,0,0,0,0,0,0,0,0,9536907,3500000,2000000,23183093,0,0,0,0,0,0,0,0,0,38220000
20,CPH24920,Public Health Commission,Long Island Recovery Campus,Renovate existing buildings on Long Island to support the creation of a recovery campus.,Public Facilities Department,To Be Scheduled,Harbor Islands,2000000,0,0,0,0,0,0,0,0,92543,0,0,1907457,0,0,0,0,0,0,0,0,0,2000000
21,CPH25107,Public Health Commission,Northampton Square Garage,Structural and other repairs as needed.,Public Facilities Department,In Construction,Roxbury,11580000,0,0,0,0,0,0,0,0,271724,100000,3400000,7808276,0,0,0,0,0,0,0,0,0,11580000
22,CLD25359,Boston Public Library,Brighton Library Roof,Replace the roof at the Brighton Library.,Public Facilities Department,In Design,Allston / Brighton,1200000,0,0,0,0,0,0,0,0,0,50000,700000,450000,0,0,0,0,0,0,0,0,0,1200000
23,CLD25332,Boston Public Library,Central Library Roof & HVAC Repairs,Replacement of the Central Library's Ventilation Air-Handling Units and Hydronic Pumps.,Public Facilities Department,In Design,Back Bay,6000000,0,0,0,0,0,0,0,0,0,50000,750000,5200000,0,0,0,0,0,0,0,0,0,6000000
24,CLD25190,Boston Public Library,Central Library: McKim Master Plan,Initial design and study of implementation of the McKim Master Plan.,Public Facilities Department,To Be Scheduled,Back Bay,1000000,0,49000000,0,0,0,0,0,0,0,0,0,50000000,0,0,0,0,0,0,0,0,0,50000000
25,CLD24879,Boston Public Library,Chinatown Branch Library,Design and construct a new branch library that supports the needs of the neighborhood and reflects the Boston Public Library's Compass Principles.,Public Facilities Department,In Construction,Chinatown,32000000,0,0,0,0,0,0,0,0,678945,1600000,350000,29371055,0,0,0,0,0,0,0,0,0,32000000
26,CLD25102,Boston Public Library,Connolly Branch Library,"Upgrade and replace mechanical systems, windows, roof, and waterproof façade. Assess space programming.",Public Facilities Department,To Be Scheduled,Jamaica Plain,575000,0,0,0,0,0,0,0,0,90650,0,0,484350,0,0,0,0,0,0,0,0,0,575000
27,CLD25100,Boston Public Library,Egleston Square Branch Library,Design and construct a new branch library that supports the needs of the neighborhood and reflects the Boston Public Library's Compass Principles.,Public Facilities Department,In Design,Roxbury,31510000,0,0,0,0,0,0,0,0,1591402,200000,5000000,24718598,0,0,0,0,0,0,0,0,0,31510000
28,CLD24520,Boston Public Library,Fields Corner Branch Library,Design and construct a new branch library that supports the needs of the neighborhood and reflects the Boston Public Library's Compass Principles.,Public Facilities Department,In Construction,Dorchester,30900000,0,0,0,0,0,0,0,0,2938403,20000000,3000000,4961597,0,0,0,0,0,0,0,0,0,30900000
29,CLD25103,Boston Public Library,Hyde Park Branch Library,"Upgrade boiler, windows, roof, and façade repairs. Assess space programming.",Public Facilities Department,To Be Scheduled,Hyde Park,500000,0,0,0,0,0,0,0,0,82569,0,0,417431,0,0,0,0,0,0,0,0,0,500000
30,CLD24764,Boston Public Library,South End Branch Library,Design and reconstruct the South End Branch of the Public Library.,Public Facilities Department,In Design,South End,32650000,0,0,0,0,0,0,0,0,1097121,750000,1000000,29802879,0,0,0,0,0,0,0,0,0,32650000
31,CLD24894,Boston Public Library,Upham's Corner Library,Design and construct a new branch library that supports the needs of the neighborhood and reflects the Boston Public Library's Compass Principles.,Public Facilities Department,In Design,Dorchester,32000000,0,0,0,0,0,0,0,0,288247,500000,500000,30711753,0,0,0,0,0,0,0,0,0,32000000
32,CLD25101,Boston Public Library,West End Branch Library,Design and construct a new branch library. Develop a building program that reflects the Boston Public Library's Compass Principles and supports the needs of the neighborhood.,Public Facilities Department,In Design,West End,19700000,0,12300000,0,0,0,0,0,0,66094,250000,250000,31433906,0,0,0,0,0,0,0,0,0,32000000
33,CPS25327,Boston Public Schools,ARP 2024: Design Services,"Replace the roof at the O'Donnell and Kenny and Windows and Doors at the Adams, Murphy, Gardner Pilot, Everett, and Lyndon K-8 as part of the MSBA Accelerated Repair Program.",Public Facilities Department,In Construction,Multiple Neighborhoods,593700,0,0,0,0,0,906300,0,0,0,200000,200000,193700,0,0,0,0,0,600000,300000,6300,0,1500000
34,CPS25306,Boston Public Schools,Bathroom Improvements at Various Schools,"Bathroom renovations at Boston Collaborative High School and Condon K-8. Future bathroom renovations may include Tynan, JFK, TechBoston, Russell, and others.",Boston Public Schools,Annual Program,Multiple Neighborhoods,26000000,1000000,0,0,0,0,0,0,0,1864745,2700000,4000000,18435255,0,0,0,0,0,0,0,0,0,27000000
35,CPS24887,Boston Public Schools,Blackstone School Study,Study and design of major renovations to the Blackstone School.,Public Facilities Department,To Be Scheduled,South End,500000,0,0,0,0,0,0,0,0,0,0,0,500000,0,0,0,0,0,0,0,0,0,500000
36,CPS25007,Boston Public Schools,BPS: Capital Maintenance,"Core maintenance work in various schools, including electrical, HVAC, masonry, and window repairs.",Boston Public Schools,Annual Program,Citywide,18000000,4000000,0,0,0,0,0,0,0,1746047,250000,500000,19503953,0,0,0,0,0,0,0,0,0,22000000
37,CPS24683,Boston Public Schools,BPS: MSBA ARP Reserve,Reserve for future MSBA Accelerated Repair Program projects.,Boston Public Schools,Annual Program,Citywide,0,0,50000000,0,0,0,0,0,0,0,0,8000000,42000000,0,0,0,0,0,0,0,0,0,50000000
38,CPS25367,Boston Public Schools,Brighton High School Renovation,"Renovations and upgrades to accommodate increased student enrollment from closure and reconfiguration of other neighborhood schools. Upgrades may include auditorium, bathroom, HVAC, and roof replacement.",Public Facilities Department,In Design,Allston / Brighton,2000000,500000,7500000,0,0,0,0,0,0,0,0,2500000,7500000,0,0,0,0,0,0,0,0,0,10000000
39,CPS25235,Boston Public Schools,Building Envelope Repairs at Various Schools,Envelope repairs at East Boston High School and TechBoston Academy to improve energy efficiency and keep the structure in a state of good repair. Future envelope repairs may include Boston Latin Academy and others.,Public Facilities Department,Annual Program,Citywide,9400000,600000,0,0,0,0,0,0,0,0,1000000,1000000,8000000,0,0,0,0,0,0,0,0,0,10000000
40,CPS25233,Boston Public Schools,Door Alarms Upgrades at 6 Schools,"Safety and security upgrades to the door alarms at the Charlestown High School, Curley, Blackstone, Condon, Higginson-Lewis, and Harvard Kent Schools.",Boston Public Schools,In Design,Multiple Neighborhoods,1200000,0,0,0,0,0,0,0,0,0,0,600000,600000,0,0,0,0,0,0,0,0,0,1200000
41,CPS25366,Boston Public Schools,Dorchester Field House Site Improvements,"Exterior ground improvements to the new Dorchester Field House, adjacent to Ruth Batson Academy.",Public Facilities Department,In Design,Dorchester,0,0,0,2000000,0,0,0,0,0,0,0,0,0,0,0,2000000,0,0,0,0,0,0,2000000
42,CPS24979,Boston Public Schools,Drinking Water Upgrades at Various Schools,"Upgrade plumbing and install new drinking water fountain fixtures. Project will bring safe drinking water to approximately 10 schools each year, with final package estimated to be complete in 2029.",Boston Public Schools,Annual Program,Citywide,10360000,0,0,0,0,0,0,0,0,3611111,700000,720000,5328889,0,0,0,0,0,0,0,0,0,10360000
43,CPS25234,Boston Public Schools,Elevator Upgrades at Various Schools,"General elevator improvements and upgrades at UP Academy Dorchester, UP Academy Holland, Murphy, Curley, and Hennigan Schools, to improve size, speed, and safety.",Boston Public Schools,Annual Program,Citywide,6000000,0,0,0,0,0,0,0,0,129650,174000,337000,5359350,0,0,0,0,0,0,0,0,0,6000000
44,CPS25370,Boston Public Schools,Frederick School Renovation,"Renovation of the Frederick building to accommodate the merger of the Winthrop and Clap Elementary Schools, including a new school yard and interior improvements.",Public Facilities Department,In Construction,Dorchester,5630000,0,0,0,0,0,0,0,0,0,2250000,3380000,0,0,0,0,0,0,0,0,0,0,5630000
45,CPS25260,Boston Public Schools,HVAC Repairs at Various Schools,"HVAC repairs and upgrades at Bates, Lee Pilot Academy, Kenny, and Brighton High School. Future schools may include Lee K-8, Curley, English High School, and Josiah Quincy Elementary School.",Boston Public Schools,Annual Program,Citywide,10000000,0,0,0,0,0,0,0,0,1672131,700000,1700000,5927869,0,0,0,0,0,0,0,0,0,10000000
46,CPS25354,Boston Public Schools,Implementation of Long-Term Facilities Plan at Several Schools,"Improvements at several school buildings as part of implementation of the Long Term Facilities Plan, as well as a strategic reserve for MSBA Core projects.",Boston Public Schools,Implementation Underway,Citywide,224200549,5000000,435449451,0,0,0,0,0,0,0,0,0,664650000,0,0,0,0,0,0,0,0,0,664650000
47,CPS25140,Boston Public Schools,John F. Kennedy School Improvements,"Upgrades and improvements to the JFK School, which may include fire alarm, electrical systems, roof repairs, and accessibility improvements.",Public Facilities Department,In Design,Jamaica Plain,705000,295000,0,0,0,0,0,0,0,120544,200000,500000,179456,0,0,0,0,0,0,0,0,0,1000000
48,CPS25056,Boston Public Schools,Farragut Building Roof,Repair the roof and other masonry at the Farragut Building.,Public Facilities Department,Study Underway,Mission Hill,1892212,0,0,0,0,0,0,0,0,63925,0,500000,1328287,0,0,0,0,0,0,0,0,0,1892212
49,CPS25051,Boston Public Schools,Madison Park Technical Vocational High School Design,Begin major redesign and renovation of Madison Park Technical Vocational HS in partnership with the MSBA.,Public Facilities Department,Study Underway,Roxbury,100000000,0,0,0,0,0,0,0,0,6118547,5000000,5000000,83881453,0,0,0,0,0,0,0,0,0,100000000
50,CPS25043,Boston Public Schools,Mather School Envelope,"Repair roof, masonry, windows, and doors.",Public Facilities Department,In Construction,Dorchester,4420000,0,0,0,0,0,0,0,0,287422,500000,2500000,1132578,0,0,0,0,0,0,0,0,0,4420000
51,CPS24970,Boston Public Schools,Mattahunt School,"Upgrades at the Mattahunt Elementary School, including new play equipment, upgrades to parking area, interior fire safety and accessibility upgrades, and exterior lighting work at the BCYF Center entrance.",Public Facilities Department,In Construction,Mattapan,16000000,0,0,0,0,0,0,0,0,488773,50000,5000000,10461227,0,0,0,0,0,0,0,0,0,16000000
52,CPS25134,Boston Public Schools,Mel King Academy Renovation,Envelope repairs and window replacement at the Mel King. Additional scope may include minor interior renovations.,Public Facilities Department,To Be Scheduled,South End,500000,0,0,0,0,0,0,0,0,276650,0,0,223350,0,0,0,0,0,0,0,0,0,500000
53,CPS25238,Boston Public Schools,Pool Upgrades and Repairs at Various Schools,General pool upgrades and repairs at various schools to keep the assets in a state of good repair.,Boston Public Schools,Annual Program,Citywide,10000000,0,0,0,0,0,0,0,0,704246,300000,500000,8495754,0,0,0,0,0,0,0,0,0,10000000
54,CPS24969,Boston Public Schools,Radiator Covers at Various Schools,"Replace radiator covers at the Guild, O'Donell, Kenny, Conley, and Gardner. Future phases will take place at other schools across the district.",Boston Public Schools,Annual Program,Citywide,3000000,0,0,0,0,0,0,0,0,1367878,800000,832122,0,0,0,0,0,0,0,0,0,0,3000000
55,CPS25319,Boston Public Schools,HVAC Improvements at the Otis and JFK,HVAC improvements and efficiencies at the Otis School and installation of a geothermal heating system at JFK School.,Public Facilities Department,In Construction,Multiple Neighborhoods,23710000,0,0,0,0,0,1482387,0,0,4717450,13000000,5992550,0,0,0,0,0,0,1482387,0,0,0,25192387
56,CPS25353,Boston Public Schools,Roof Repairs at Various Schools,"Roof repairs at Farragut building, Otis, Community Academy, JFK, and English High School. Future phases will take place at other schools across the district.",Public Facilities Department,Annual Program,Citywide,10000000,0,0,0,0,0,0,0,0,0,750000,5000000,4250000,0,0,0,0,0,0,0,0,0,10000000
57,CPS25090,Boston Public Schools,Roxbury Elementary School Study,Develop a building program for the design and construction of a new preK-6 school.,Public Facilities Department,To Be Scheduled,Roxbury,500000,0,0,0,0,0,0,0,0,0,0,0,500000,0,0,0,0,0,0,0,0,0,500000
58,CPS25252,Boston Public Schools,Ruth Batson Academy,Begin major redesign and renovation of Ruth Batson Academy in partnership with the MSBA.,Public Facilities Department,In Design,Dorchester,1000000,0,0,0,0,0,1500000,0,0,0,500000,500000,0,0,0,0,0,0,0,250000,1250000,0,2500000
59,CPS25313,Boston Public Schools,School Yard Improvements,"Schoolyard improvements at the Umana, Orchard Gardens, Holmes, and Hurley, including new play structures, safety surfacing, and landscaping. Future phases will take place at other schools across the district.",Boston Public Schools,Annual Program,Citywide,6000000,0,0,0,0,0,0,0,0,0,300000,1285000,4415000,0,0,0,0,0,0,0,0,0,6000000
60,CPS25314,Boston Public Schools,Security and Life Safety System Upgrades at Various Schools,"Security-related improvements at Haynes EEC, Madison Park, and Curley, including installing or upgrading PA and fire alarm systems. Future phases will take place at other schools across the district.",Boston Public Schools,Annual Program,Citywide,7200000,0,0,0,0,0,0,0,0,0,400000,1700000,5100000,0,0,0,0,0,0,0,0,0,7200000
61,CPS25172,Boston Public Schools,Security Cameras,Installation of security cameras in multiple schools across the City.,Boston Public Schools,Annual Program,Citywide,25000000,0,0,0,0,0,0,0,0,7369417,500000,1000000,16130583,0,0,0,0,0,0,0,0,0,25000000
62,CPS25255,Boston Public Schools,Shaw-Taylor Elementary School,Redesign and renovation of the Shaw-Taylor Elementary School in partnership with the MSBA.,Public Facilities Department,In Design,Mattapan,870760,0,0,0,0,0,1329240,0,0,0,150000,720760,0,0,0,0,0,0,150000,500000,679240,0,2200000
63,CPS25369,Boston Public Schools,South Boston Education Complex Renovation,"Decarbonization and other interior upgrades to accommodate relocation of another BPS high school, to be determined.",Public Facilities Department,In Design,South Boston,300000,300000,9400000,0,0,0,0,0,5000000,0,500000,3500000,6000000,0,0,0,0,0,0,0,5000000,0,15000000
64,CPS25085,Boston Public Schools,Technology Infrastructure,Upgrades to technology and internet infrastructure at various schools across the district.,Boston Public Schools,Annual Program,Citywide,9177069,2022931,0,0,0,0,0,0,0,3201543,400000,1000000,6598457,0,0,0,0,0,0,0,0,0,11200000
65,CPS25133,Boston Public Schools,White Stadium Renovation,Design and construct a new East Grandstand for BPS athletics including new locker rooms and support facilities.,Public Facilities Department,In Construction,Roxbury,135000000,0,0,0,0,0,0,0,0,10642547,10000000,100000000,14357453,0,0,0,0,0,0,0,0,0,135000000
66,CTD25084,Transportation Department,Accessible Pedestrian Signals,"Purchase and install APS devices for new construction, major reconstructions, and by request as outlined in the City's response to the federal mandate.",Transportation Department,Annual Program,Citywide,1500000,0,0,0,0,0,0,0,0,129834,500000,500000,370166,0,0,0,0,0,0,0,0,0,1500000
67,CTD24815,Transportation Department,Bike Share Network Expansion,"Expand city's bike share network to connect neighborhoods that are further from frequent, reliable rail transit and support strong demand in employment centers and commercial hubs.",Transportation Department,Annual Program,Citywide,750000,0,0,917752,0,0,5732248,0,0,748264,0,0,1736,917752,0,0,0,4886992,845256,0,0,0,7400000
68,CTD25048,Transportation Department,Bikeshare Dock Replacement,"Replace portions of City's bikeshare system, including docks, kiosks and bikes.",Transportation Department,Annual Program,Citywide,0,0,0,0,0,0,2271100,0,0,0,0,0,0,0,0,0,0,1771100,500000,0,0,0,2271100
69,CTD24837,Transportation Department,Blossom Street,"Upgrades to Blossom Street including upgraded lighting, geometric changes for pedestrian safety, roadway resurfacing, and pavement markings including bicyclist accommodations.",Public Works Department,In Design,West End,0,0,0,2000000,0,0,0,0,0,0,0,0,0,0,0,1000000,1000000,0,0,0,0,4750000,6750000
70,CTD25064,Transportation Department,Blue Hill Avenue Multimodal Corridor,"On Blue Hill Avenue, the creation of center-running dedicated bus lanes, redesigned Mattapan Square for improved bus connection to the MBTA station, protected bike lanes, signal changes, and sidewalks.",Transportation Department,In Design,Multiple Neighborhoods,18224000,0,0,0,0,0,0,0,0,374,0,0,18223626,0,0,0,0,0,0,0,0,26232000,44456000
71,CTD24918,Transportation Department,Boylston Street,Redesign and reconstruct Boylston Street from Ipswich Street south to Park Drive and the Muddy River Crossing to improve usage by all road users.,Transportation Department,In Design,Fenway / Kenmore,0,0,0,0,0,0,1376299,0,0,0,0,0,0,0,0,0,0,793701,0,582598,0,8665052,10041351
72,CTD24816,Transportation Department,Connect Downtown: Public Garden Crossings,Expand the protected bike lanes and improve corners and sidewalks on all sides of the Public Garden.,Transportation Department,In Construction,Multiple Neighborhoods,4250000,0,0,3000000,0,0,250000,0,0,0,0,500000,3750000,0,0,0,3000000,250000,0,0,0,0,7500000
73,CTD24986,Transportation Department,Eagle Square,Design for traffic flow and safety improvements in Eagle Square.,Transportation Department,To Be Scheduled,East Boston,150000,0,0,2000000,0,0,0,0,0,0,0,0,150000,0,0,0,2000000,0,0,0,0,0,2150000
74,CTD24841,Transportation Department,Egleston Square,"Redesign of Egleston Square featuring widened sidewalks, median realignment, new crosswalks, raised crosswalks and neckdowns, traffic signal improvements, and rehabilitation of the sculpture garden.",Transportation Department,In Design,Roxbury,6910000,0,0,1000000,0,0,0,0,0,77793,400000,200000,6232207,1000000,0,0,0,0,0,0,0,0,7910000
75,CTD25062,Transportation Department,Lost Village Streets,"Design and construct improvements to roads, sidewalks and signals in the Lost Village section of Charlestown.",Transportation Department,In Construction,Charlestown,0,0,0,3066000,0,0,534000,0,0,0,0,0,0,0,500000,2000000,566000,0,0,534000,0,0,3600000
76,CTD24925,Transportation Department,Municipal Parking Lots,"Lighting, paving, re-striping, and other upgrades to municipal parking lots Citywide.",Transportation Department,To Be Scheduled,Citywide,1000000,0,0,0,0,0,0,0,0,0,0,0,1000000,0,0,0,0,0,0,0,0,0,1000000
77,CTD23218,Transportation Department,Nubian Square Improvements,Roadway improvements from Shawmut Avenue to Harrison Avenue including six key Nubian Square intersections.,Transportation Department,In Design,Roxbury,922183,0,0,14977817,0,0,0,0,2000000,922070,0,0,113,5832724,0,0,9145093,0,0,0,2000000,0,17900000
78,CTD25218,Transportation Department,Parking Meter Replacement,Purchase new parking meters and upgrade existing multi-space parking meters.,Transportation Department,Implementation Underway,Citywide,0,0,0,7000000,0,0,0,0,0,0,0,0,0,955790,4500000,1250000,294210,0,0,0,0,0,7000000
79,CTD25083,Transportation Department,Pavement Marking Improvements,"Maintain and upgrade pavement markings citywide, including crosswalks, lane markings, and bus lanes.",Transportation Department,Annual Program,Citywide,0,0,0,6225000,0,0,0,0,0,0,0,0,0,3981216,1399084,844700,0,0,0,0,0,0,6225000
80,CTD25344,Transportation Department,Recharge Boston: Public EV Charging,"Install a minimum of 300 EV charging ports, a combination of Level II and Level III EV chargers, across the City of Boston utilizing awarded federal funds.",Transportation Department,Study Underway,Citywide,3750000,0,0,0,0,0,0,0,15000000,0,0,0,3750000,0,0,0,0,0,0,0,15000000,0,18750000
81,CTD25246,Transportation Department,Reconnecting Communities,Conduct a feasibility study and initial design for a new park built on a deck over the I-90 highway and MBTA tracks between Shawmut Avenue and Washington Street.,Transportation Department,Study Underway,Chinatown,600000,0,0,0,0,0,0,0,0,0,0,200000,400000,0,0,0,0,0,0,0,0,1800000,2400000
82,CTD24814,Transportation Department,Safe and Reliable Streets,"Support anti-congestion efforts Citywide through data collection, safety and public realm improvements. Includes staff support to augment operational needs. Funded by state TNC revenue.",Transportation Department,Annual Program,Citywide,0,0,0,0,0,0,9477672,3500000,0,0,0,0,0,0,0,0,0,4625388,1957302,2500000,3894982,0,12977672
83,CTD25241,Transportation Department,SS4A 2023: Safer Intersections,"Design and construct safety improvements at 8 specific intersections across the city, in order to mitigate unsafe travel and improve pedestrian and active transportation safety.",Transportation Department,In Design,Multiple Neighborhoods,2500000,0,0,0,0,0,9000000,0,0,0,0,250000,2250000,0,0,0,0,0,0,900000,8100000,0,11500000
84,CTD25217,Transportation Department,Safety Surge,Deploy speed tables across the city to reduce speeding and promote roadway safety.,Transportation Department,In Construction,Citywide,5000000,0,0,2180000,0,0,5835655,0,0,0,0,0,5000000,843557,250000,1000000,86443,4149053,200000,1400000,86602,0,13015655
85,CTD25302,Transportation Department,SS4A 2024: Safer Intersections,"Leverage a federal grant, make safety improvements at multiple intersections across the city.",Transportation Department,In Design,Multiple Neighborhoods,3600000,0,0,0,0,0,14400000,0,0,0,0,500000,3100000,0,0,0,0,0,0,3000000,11400000,0,18000000
86,CTD25155,Transportation Department,Southwest Neighborhood Transit Action Plan,Study and develop a Transportation Action Plan for the southwest neighborhoods of Boston.,Transportation Department,Study Underway,Multiple Neighborhoods,1600000,0,0,0,0,0,0,0,0,351594,300000,300000,648406,0,0,0,0,0,0,0,0,0,1600000
87,CTD25215,Transportation Department,Thoreau Path / Canal Street,Pedestrian improvements to Thoreau Path and Canal Street in the West End and Bulfinch Triangle.,Transportation Department,In Design,West End,0,0,0,0,0,0,4735000,0,0,0,0,0,0,0,0,0,0,0,150000,2500000,2085000,0,4735000
88,CTD24987,Transportation Department,Traffic Signal Construction at 5 locations,Design and construct safety improvements to various traffic signals throughout the City.,Transportation Department,In Construction,Multiple Neighborhoods,4000000,0,0,4000000,0,0,0,0,0,598021,0,500000,2901979,0,0,500000,3500000,0,0,0,0,0,8000000
89,CTD25082,Transportation Department,Traffic Signals,"Provide traffic signal design services, install or upgrade existing traffic signals and controls, install new control boxes and battery backup equipment.",Transportation Department,Annual Program,Citywide,16000000,0,0,0,0,0,0,0,0,2742464,2000000,2000000,9257536,0,0,0,0,0,0,0,0,0,16000000
90,CTD25214,Transportation Department,Tremont/Columbus Phases I & II,"Support the MBTA's continuation of the center-running bus lane on Columbus Avenue, and constructing traffic calming infrastructure on the streets adjacent to Columbus Avenue.",Transportation Department,Study Underway,Multiple Neighborhoods,3300000,0,0,0,0,0,0,0,0,0,0,0,3300000,0,0,0,0,0,0,0,0,0,3300000
91,CMS25191,Department of Innovation and Technology,311 Modernization,Upgrade the front and back ends of the BOS:311 system to modernize the software architecture for improved security and provide usability and access improvements.,Department of Innovation and Technology,Implementation Underway,Citywide,6000000,0,0,0,0,0,0,0,0,51321,1435000,2000000,2513679,0,0,0,0,0,0,0,0,0,6000000
92,CMS25006,Department of Innovation and Technology,Citywide Revenue Modernization,Planning and design of a centralized collections system to maximize City revenue.,Department of Innovation and Technology,To Be Scheduled,Citywide,650000,0,0,0,0,0,0,0,0,0,0,0,650000,0,0,0,0,0,0,0,0,0,650000
93,CMS24556,Department of Innovation and Technology,Core Technology Infrastructure,"Modernization of municipal networks and data systems, including server hardware, cybersecurity appliances, fiber-optic cabling, and telecommunications equipment.",Department of Innovation and Technology,Annual Program,Citywide,12500000,0,0,0,0,0,0,0,0,1654975,350000,4020000,6475025,0,0,0,0,0,0,0,0,0,12500000
94,CMS24177,Department of Innovation and Technology,Cyber Security and Resiliency,Implement solutions to manage and mitigate cyber security risks.,Department of Innovation and Technology,Annual Program,Citywide,10500000,0,0,0,0,0,0,0,0,3193215,1110000,1000000,5196785,0,0,0,0,0,0,0,0,0,10500000
95,CMS24178,Department of Innovation and Technology,Data Analytics,"Invest in data analytic tools, technologies, and processes to empower data-driven management.",Department of Innovation and Technology,Annual Program,Citywide,9000000,0,0,0,0,0,0,0,0,2230994,600000,850000,5319006,0,0,0,0,0,0,0,0,0,9000000
96,CMS24159,Department of Innovation and Technology,Digital Service Delivery and Engagement,Implement digital technology solutions that better engage residents with government.,Department of Innovation and Technology,Annual Program,Citywide,7750000,0,0,0,0,0,0,0,0,3061994,120000,250000,4318006,0,0,0,0,0,0,0,0,0,7750000
97,CMS23490,Department of Innovation and Technology,Enterprise Applications,Identify and procure enterprise business applications that enhance productivity and improve City business operations.,Department of Innovation and Technology,Annual Program,Citywide,26000000,0,0,0,0,0,0,0,0,14229763,2290000,2300000,7180237,0,0,0,0,0,0,0,0,0,26000000
98,CMS24998,Department of Innovation and Technology,Trunked Radio System,Design and implementation of upgrades to the trunked radio system.,Department of Innovation and Technology,Implementation Underway,Citywide,6156000,0,0,0,0,0,0,0,0,4042523,250000,250000,1613477,0,0,0,0,0,0,0,0,0,6156000
99,CMS25192,Department of Innovation and Technology,Unified Constituent Identity and Access Management,Begin work on creating a unified Identity and Access Management system for constituents of Boston to improve security and access of online Boston municipal services.,Department of Innovation and Technology,To Be Scheduled,Citywide,2500000,0,0,0,0,0,0,0,0,17248,165000,0,2317752,0,0,0,0,0,0,0,0,0,2500000
100,CED25275,Environment Department,Border Street Resilience,Plan a resilient coastal solution for Border Street in East Boston.,Environment Department,In Design,East Boston,500000,0,0,1000000,0,0,0,0,0,316931,170000,13069,0,0,250000,500000,250000,0,0,0,0,0,1500000
101,CED24917,Environment Department,Climate Resilience Reserve,Reserve for climate resilient capital investments.,Environment Department,Annual Program,Citywide,3379585,0,0,0,0,0,0,0,0,624871,500000,500000,1754714,0,0,0,0,0,0,0,0,0,3379585
102,CED25312,Environment Department,Coastal Resilience Reserve,"Funding reserve that will be used to provide matching funds as needed for state, federal, or other grant programs and to support budget increases of coastal resilience projects that may be necessary.",Environment Department,Annual Program,Multiple Neighborhoods,0,15000000,55000000,0,5000000,0,0,0,0,0,0,5000000,65000000,0,0,1000000,4000000,0,0,0,0,0,75000000
103,CED25372,Environment Department,Lewis Mall & Carlton Wharf,"Advance design of a resilience solution at Lewis Mall and Carlton Wharf, supported by federal funds.",Environment Department,In Design,East Boston,662500,0,0,0,0,0,0,0,0,0,330000,332500,0,0,0,0,0,0,0,0,0,1987500,2650000
104,CED25374,Environment Department,Mario Umana Resilience Design,Design a resilient solution to the waterfront at the Mario Umana School.,Environment Department,In Design,East Boston,640000,0,0,0,0,0,0,0,0,0,75000,275000,290000,0,0,0,0,0,0,0,0,0,640000
105,CED25173,Environment Department,Moakley Park Connectors,Design of connection walking paths to Moakley Park from adjacent neighborhoods.,Environment Department,In Design,South Boston,544500,0,0,0,0,0,0,0,0,155481,75000,200000,114019,0,0,0,0,0,0,0,0,1633500,2178000
106,CED25128,Environment Department,Urban Wilds Land Management Plan,"Develop an Urban Wilds conservation and land management plan to establish criteria to prioritize future capital renovations, land acquisition, and management priorities for existing properties.",Environment Department,To Be Scheduled,Citywide,350000,0,0,0,0,0,0,0,0,0,15000,200000,135000,0,0,0,0,0,0,0,0,0,350000
107,CFD25281,Fire Department,Emergency Generator Replacement,"Design and engineering for the replacement of backup generators at Engines 7, 16, 22, and 28.",Public Facilities Department,Study Underway,Multiple Neighborhoods,1000000,0,0,0,0,0,0,0,0,0,0,400000,600000,0,0,0,0,0,0,0,0,0,1000000
108,CFD25329,Fire Department,Energy Management System Upgrades,"Design and implement building energy management system upgrades at firehouses across the City, providing improved control over energy use and improved efficiency of systems.",Public Facilities Department,Study Underway,Citywide,750000,0,0,0,0,0,0,0,0,0,0,375000,375000,0,0,0,0,0,0,0,0,0,750000
109,CFD25245,Fire Department,Engine 17 Phase 2,"Design and construction of fueling station, additional parking, landscaping improvements, and demolition of the existing Engine 17 fire station.",Public Facilities Department,In Construction,Dorchester,5000000,0,0,0,0,0,0,0,0,153147,500000,3000000,1346853,0,0,0,0,0,0,0,0,0,5000000
110,CFD25207,Fire Department,Engine 18,Programming and design for a new fire station to replace the existing station.,Public Facilities Department,To Be Scheduled,Dorchester,3000000,0,0,0,0,0,0,0,0,0,0,0,3000000,0,0,0,0,0,0,0,0,0,3000000
111,CFD25280,Fire Department,Engine 21 Structural Improvements,Repair granite block retaining wall and demolish structurally deficient porch at Engine 21.,Public Facilities Department,In Construction,Dorchester,1000000,0,0,0,0,0,0,0,0,45631,50000,50000,854369,0,0,0,0,0,0,0,0,0,1000000
112,CFD24874,Fire Department,Engine 3,Design and construct a new fire station.,Public Facilities Department,In Design,South End,3000000,27000000,0,0,0,0,0,0,0,157781,1000000,1000000,27842219,0,0,0,0,0,0,0,0,0,30000000
113,CFD25358,Fire Department,Engine 8 Study,Study and design renovations or replacement of Engine 8.,Public Facilities Department,In Design,North End,250000,0,0,0,0,0,0,0,0,0,50000,200000,0,0,0,0,0,0,0,0,0,0,250000
114,CFD25279,Fire Department,Engine 9 Exterior Repairs,Make structural repairs to the apron and other parts of the facade at Engine 9.,Public Facilities Department,In Construction,East Boston,916985,0,0,0,0,0,0,0,0,56892,150000,500000,210093,0,0,0,0,0,0,0,0,0,916985
115,CFD25357,Fire Department,Fire Detection Improvements at 7 Fire Stations,"Improvements to the fire detection and supression systems at Engines 2, 16, 29, 37, 53, 55, and Headquarters.",Public Facilities Department,To Be Scheduled,Multiple Neighborhoods,1000000,0,0,0,0,0,0,0,0,0,0,50000,950000,0,0,0,0,0,0,0,0,0,1000000
116,CFD24915,Fire Department,Fire Radio System Upgrades,Design and implementation of upgrades to the Fire radio system.,Fire Department,Implementation Underway,Citywide,46000000,0,0,0,0,0,0,0,0,27408261,5000000,5000000,8591739,0,0,0,0,0,0,0,0,0,46000000
117,CFD25282,Fire Department,Fuel Pump Tank Replacement,"Replace fuel tanks at Engines 10, 21, 29, and 55.",Public Facilities Department,In Design,Citywide,720000,0,0,0,0,0,0,0,0,0,50000,250000,420000,0,0,0,0,0,0,0,0,0,720000
118,CFD25274,Fire Department,Fire Apparatus FY25-28,Purchase new engines and ladders for Boston Fire.,Fire Department,Implementation Underway,Citywide,15579400,0,0,0,0,0,0,0,0,2288562,7500000,6000000,-209162,0,0,0,0,0,0,0,0,0,15579400
119,CFD24873,Fire Department,Moon Island Seawall,Design for infrastructure improvements to seawall adjacent to the Fire Department Training Academy.,Public Facilities Department,In Design,Harbor Islands,15800000,0,0,0,0,0,0,0,0,148013,300000,7000000,8351987,0,0,0,0,0,0,0,0,0,15800000
120,CFD25210,Fire Department,Seaport Fire Station,Programming and design for a new firehouse located in the Seaport.,Planning Department,To Be Scheduled,South Boston,4000000,0,0,0,0,0,0,0,0,0,0,0,4000000,0,0,0,0,0,0,0,0,0,4000000
121,CFD25208,Fire Department,Tech Rescue Water/Plumbing access,Install water and sewer infrastructure to the tech rescue training site at Moon Island.,Public Facilities Department,To Be Scheduled,Harbor Islands,5000000,0,0,0,0,0,0,0,0,0,0,0,5000000,0,0,0,0,0,0,0,0,0,5000000
122,CAR25019,Office of Arts & Culture,Book Mark'd,Fabricate and install a bronze sculpture of books for the entrance of the Mattapan Branch Library.,Office of Arts & Culture,In Construction,Mattapan,250000,0,0,0,0,0,0,0,0,100000,0,50000,100000,0,0,0,0,0,0,0,0,0,250000
123,CAR25123,Office of Arts & Culture,Chinatown Worker Statues Project,"Design, fabricate, and install four bronze figures on four separate sites in the Chinatown neighborhood of Boston.",Office of Arts & Culture,In Construction,Chinatown,1000000,0,0,0,0,0,0,0,0,202000,300000,400000,98000,0,0,0,0,0,0,0,0,0,1000000
124,CAR25126,Office of Arts & Culture,Emergent Memory (Cocoanut Grove Memorial)," Design, fabrication, site preparation, and installation of public art in Statler Park.",Office of Arts & Culture,In Construction,Bay Village,453000,0,0,0,0,0,0,0,0,280000,150000,23000,0,0,0,0,0,0,0,0,0,380000,833000
125,CAR24715,Office of Arts & Culture,Percent for the Arts,"One percent of the City’s annual planned bond issuance is designated for the commissioning of permanent, public art in municipal spaces. Site selection will be coordinated with projects in the capital plan.",Office of Arts & Culture,Annual Program,Citywide,26492000,0,0,0,0,0,0,0,0,4017128,700000,1000000,20774872,0,0,0,0,0,0,0,0,0,26492000
126,CAR25021,Office of Arts & Culture,The Legacy of Frederick Douglass,Fabricate and install a bronze figure grouping and construct a plaza honoring Frederick Douglass in Douglass Square.,Office of Arts & Culture,In Construction,Roxbury,550000,0,0,0,0,0,0,0,0,177110,0,100000,272890,0,0,0,0,0,0,0,0,0,550000
127,CND25054,Mayor's Office of Housing,BHA Charlestown,"Investment that supports the redevelopment of the Bunker Hill Housing Development. The initial phase includes 266 affordable units and over the life of the project will produce 1,010 affordable units.",Boston Housing Authority,In Construction,Charlestown,30000000,0,0,0,0,0,0,0,0,20456800,3000000,6543200,0,0,0,0,0,0,0,0,0,0,30000000
128,CND25334,Mayor's Office of Housing,Dudley Street Public Plaza,Construction of public plaza in Nubian Square.,Mayor's Office of Housing,In Construction,Roxbury,850000,0,0,0,0,0,0,0,0,0,0,595000,255000,0,0,0,0,0,0,0,0,0,850000
129,CND25303,Mayor's Office of Housing,Elevator Modernization,"Modernization of elevators at public housing sites to promote accessibility, ensure redundancy, and reduce vulnerability to outages, heat, or environmental hazards.",Boston Housing Authority,In Construction,Multiple Neighborhoods,4000000,0,0,0,0,0,0,0,0,0,0,4000000,0,0,0,0,0,0,0,0,0,0,4000000
130,CND25105,Mayor's Office of Housing,Mary Ellen McCormack Redevelopment,"Phase One comprises 1,365 units of new mixed-income housing (572 of which are affordable replacement units), 69,000 sq. ft. of community and retail space, 2.3 acres of open space, and 520 parking spaces.",Boston Housing Authority,To Be Scheduled,South Boston,20000000,0,0,0,0,0,0,0,0,0,0,0,20000000,0,0,0,0,0,0,0,0,0,20000000
131,CND25104,Mayor's Office of Housing,Mildred C. Hailey Phase 1 Redevelopment,"The project comprises 690 apartments, including a 1-to-1 replacement of the existing 253 public housing units and the construction of 435 new affordable and upper middle-income apartments.",Boston Housing Authority,In Construction,Jamaica Plain,22000000,1500000,0,0,0,0,0,0,0,5000000,8500000,4000000,6000000,0,0,0,0,0,0,0,0,0,23500000
132,CND25106,Mayor's Office of Housing,Mildred C. Hailey Preservation,"Renovate existing BHA housing units including plumbing, ventilation, windows, and other building repairs.",Boston Housing Authority,In Construction,Jamaica Plain,52000000,0,0,0,0,0,0,0,0,17333330,24000000,10666670,0,0,0,0,0,0,0,0,0,0,52000000
133,CND25333,Mayor's Office of Housing,Parker Street Retaining Wall,Replace retaining wall in Mission Hill neighborhood.,Mayor's Office of Housing,In Construction,Mission Hill,900000,0,0,0,0,0,0,0,0,0,750000,150000,0,0,0,0,0,0,0,0,0,0,900000
134,CPR24813,Parks and Recreation Department,Animal Shelter,Develop a building program and assess siting options.,Public Facilities Department,Study Underway,Roxbury,3000000,0,0,0,0,0,0,0,0,612541,0,150000,2237459,0,0,0,0,0,0,0,0,0,3000000
135,CPR24864,Parks and Recreation Department,Artificial Turf Replacement,Replace artificial turf fields with grass and natural turf at parks and playing fields across the city.,Parks and Recreation Department,Annual Program,Citywide,9000000,0,0,0,0,0,0,0,0,6733671,30000,500000,1736329,0,0,0,0,0,0,0,0,250000,9250000
136,CPR24958,Parks and Recreation Department,Back Bay Fens Pathways,Rehabilitate pathways at the Back Bay Fens to improve accessibility and site conditions.,Parks and Recreation Department,In Construction,Fenway / Kenmore,7500000,0,0,0,0,0,0,0,0,572297,20000,150000,6757703,0,0,0,0,0,0,0,0,0,7500000
137,CPR25205,Parks and Recreation Department,Barry Playground,"Upgrade field and sports lighting, install new drinking fountains, accessibility improvements, renovate seawall, and elevate the Harborwalk.",Parks and Recreation Department,In Design,Charlestown,400000,0,0,0,0,0,0,0,0,0,110000,125000,165000,0,0,0,0,0,0,0,0,0,400000
138,CPR25022,Parks and Recreation Department,Bay Village Neighborhood Park,"Comprehensive park renovation and addition of new plantings, park furniture, and interpretive features describing neighborhood history.",Parks and Recreation Department,In Construction,Bay Village,650000,0,0,0,0,0,0,0,0,38554,20000,40000,551446,0,0,0,0,0,0,0,0,25000,675000
139,CPR24990,Parks and Recreation Department,Billings Field,"Design a comprehensive park renovation including fields, courts, and other park infrastructure.",Parks and Recreation Department,In Construction,West Roxbury,12600000,0,0,0,0,0,0,0,0,306502,6000000,4000000,2293498,0,0,0,0,0,0,0,0,0,12600000
140,CPR25267,Parks and Recreation Department,Boston Common Frog Pond,Improvements to the Frog Pond at Boston Common.,Parks and Recreation Department,Study Underway,Beacon Hill,0,0,0,250000,0,0,0,0,0,0,0,0,0,117345,0,132655,0,0,0,0,0,0,250000
141,CPR24737,Parks and Recreation Department,Boston Common Master Plan,Develop a master plan to bring the nation's oldest public park to the level of excellence commensurate with its historical importance and use by the City’s residents and visitors.,Parks and Recreation Department,Implementation Underway,Beacon Hill,0,0,0,18970000,0,0,0,0,0,0,0,0,0,948124,75000,0,17946876,0,0,0,0,0,18970000
142,CPR25288,Parks and Recreation Department,Boston Common Mayor's Walk,"Design and construct a mid-block crossing on Charles Street at the Mayor's Walk to restore and clarify park edges and entrances, and improve Mayor's Walk surface, seating, and drainage.",Parks and Recreation Department,In Design,Beacon Hill,0,0,0,1420000,0,0,0,0,0,0,0,0,0,0,0,300000,1120000,0,0,0,0,0,1420000
143,CPR25289,Parks and Recreation Department,Boston Common Parkman Bandstand,"Design and construct improvements to the stone masonry and metal railings, and install an accessible ramp to create ADA access.",Parks and Recreation Department,In Design,Beacon Hill,0,0,0,1860000,0,0,0,0,0,0,0,0,0,0,30000,125000,1705000,0,0,0,0,0,1860000
144,CPR25336,Parks and Recreation Department,Boston Common Restroom Pilot Location at VIC,Purchase restroom trailer for seasonal installation at the VIC.,Parks and Recreation Department,Implementation Underway,Beacon Hill,0,0,0,100000,0,0,0,0,0,0,0,0,0,0,0,0,100000,0,0,0,0,0,100000
145,CPR25197,Parks and Recreation Department,Boston Common Shaw Accessibility,Create ADA accessible and general pedestrianized improvements at the Shaw Memorial on the Boston Common.,Parks and Recreation Department,In Construction,Beacon Hill,0,0,0,500000,0,0,0,0,0,0,0,0,0,9869,20000,55000,415131,0,0,0,0,0,500000
146,CPR24507,Parks and Recreation Department,Boston Common Tadpole Play Lot,"Revitalize the Boston Common playground including new play equipment, safety surfacing and site furnishings.",Parks and Recreation Department,In Construction,Beacon Hill,3000000,0,0,0,0,0,0,0,0,149897,60000,140000,2650103,0,0,0,0,0,0,0,0,0,3000000
147,CPR25337,Parks and Recreation Department,Buckley Playground,"Design and construct a comprehensive park renovation, including courts, and passive area.",Parks and Recreation Department,Study Underway,South Boston,160000,0,0,0,0,0,0,0,0,0,0,40000,120000,0,0,0,0,0,0,0,0,0,160000
148,CPR24870,Parks and Recreation Department,Bussey Brook Meadow Trail at Arnold Arboretum,"Repair and extension of walking paths, wetland habitat restoration and improvements to Bussey Brook flood retention capacity.",Parks and Recreation Department,In Design,Jamaica Plain,600000,0,0,0,0,0,0,0,0,0,0,45000,555000,0,0,0,0,0,0,0,0,0,600000
149,CPR25111,Parks and Recreation Department,Byrne Playground,"Renovate park including play lots, courts, and passive areas.",Parks and Recreation Department,In Design,Dorchester,2370000,0,0,0,0,0,0,0,0,171845,10000,140000,2048155,0,0,0,0,0,0,0,0,0,2370000
150,CPR24966,Parks and Recreation Department,Ceylon Park,"Design of park improvements including upgrades to artificial turf, sports lighting, basketball court, playgrounds, splash pad, spectator seating, and accessibility.",Parks and Recreation Department,In Construction,Roxbury,4675000,650000,0,0,0,0,1000000,0,0,1325858,0,500000,3499142,0,0,0,0,0,0,700000,300000,0,6325000
151,CPR24856,Parks and Recreation Department,Christopher Columbus Park,"Playground renovation including play structure, safety surfacing, fencing, lighting, site furnishings, pathway repairs, drainage, signage, and green infrastructure to mitigate future sea level rise.",Parks and Recreation Department,In Design,North End,3500000,0,0,0,0,0,1150000,0,0,0,0,0,3500000,0,0,0,0,0,400000,650000,100000,0,4650000
152,CPR25338,Parks and Recreation Department,Christopher Lee Playground Play Area,"Renovate play area equipment, surfacing, and drainage.",Parks and Recreation Department,Study Underway,South Boston,80000,0,0,0,0,0,0,0,0,0,0,0,80000,0,0,0,0,0,0,0,0,0,80000
153,CPR24960,Parks and Recreation Department,Commonwealth Avenue Mall: Kenmore Block,"Design for improvements to include new pathways, a plaza area, lighting, site furnishings, utilities, stormwater infrastructure, irrigation, and plantings including trees.",Parks and Recreation Department,In Construction,Fenway / Kenmore,2565000,0,0,0,0,0,0,0,0,184199,250000,1500000,630801,0,0,0,0,0,0,0,0,0,2565000
154,CPR25200,Parks and Recreation Department,Condor Street Urban Wild,"Make improvements to the Condor Street Urban Wild area on the banks of the Chelsea Creek, including ecological sustainability and visitor access.",Parks and Recreation Department,In Design,East Boston,760000,0,0,0,0,0,0,0,0,0,25000,35000,700000,0,0,0,0,0,0,0,0,0,760000
155,CPR24965,Parks and Recreation Department,Coppens Square,Design and construction of park improvements including replacement of the Mayor Theodore Lyman fountain that was removed in 1951.,Parks and Recreation Department,In Design,Dorchester,1475000,0,0,0,0,0,0,0,0,0,0,55000,1420000,0,0,0,0,0,0,0,0,0,1475000
156,CPR25070,Parks and Recreation Department,Court Renovations,"Annual program to rehabilitate tennis, basketball, and street hockey courts citywide.",Parks and Recreation Department,Annual Program,Citywide,3570000,0,0,0,0,0,0,0,0,1349840,500000,500000,1220160,0,0,0,0,0,0,0,0,0,3570000
157,CPR24853,Parks and Recreation Department,Daisy Field at Olmsted Park,"Park renovation including two softball fields, pathways, and LED sports lighting.",Parks and Recreation Department,In Design,Jamaica Plain,1140000,0,0,0,0,0,0,0,0,85145,20000,55000,979855,0,0,0,0,0,0,0,0,0,1140000
158,CPR25122,Parks and Recreation Department,Dog Recreation Areas at Various Parks,Expand dog recreation facilities throughout the City.,Parks and Recreation Department,Annual Program,Citywide,500000,0,0,0,0,0,0,0,0,0,0,0,500000,0,0,0,0,0,0,0,0,0,500000
159,CPR25292,Parks and Recreation Department,Doherty Park Accessibility Improvements,Design a welcoming and accessible pedestrian plaza on Bunker Hill Street.,Parks and Recreation Department,In Design,Charlestown,150000,0,0,0,0,0,0,0,0,0,0,20000,130000,0,0,0,0,0,0,0,0,0,150000
160,CPR24237,Parks and Recreation Department,Dudley Town Common,"Improvements to Dudley Town Common to support the use of this neighborhood ""Common"" for gathering and civic uses.",Parks and Recreation Department,In Design,Roxbury,1270000,0,0,0,0,0,0,0,0,34796,25000,25000,1185204,0,0,0,0,0,0,0,0,0,1270000
161,CPR25202,Parks and Recreation Department,Fidelis Way,"Renovate park including playground, safety surfacing, water play, paving, entrances and pathways, and minor repairs to basketball courts.",Parks and Recreation Department,In Design,Allston / Brighton,2060000,0,0,0,0,0,0,0,0,11573,100000,120000,1828427,0,0,0,0,0,0,0,0,585000,2645000
162,CPR25049,Parks and Recreation Department,Field House Programming Study,Study and design of facility and programming improvements at Billings Field Fieldhouse and Lee Playground Fieldhouse.,Public Facilities Department,To Be Scheduled,Multiple Neighborhoods,125000,0,0,0,0,0,0,0,0,0,0,0,125000,0,0,0,0,0,0,0,0,0,125000
163,CPR24793,Parks and Recreation Department,Field Lights at Various Parks,Upgrade park field lights at various locations including Hemenway Park and Fallon Field.,Parks and Recreation Department,Annual Program,Citywide,3900000,0,0,0,0,0,0,0,0,699093,20000,150000,3030907,0,0,0,0,0,0,0,0,0,3900000
164,CPR24884,Parks and Recreation Department,Fort Point Channel Park,"Design and implementation of a signature, climate resilient waterfront park along the Fort Point Channel. Federal funding is anticipated.",Planning Department,In Design,South Boston,10000000,0,0,0,0,0,0,0,0,0,3000000,1000000,6000000,0,0,0,0,0,0,0,0,0,10000000
165,CPR25285,Parks and Recreation Department,Franklin Park Circuit Drive Safety Improvements,Design safety and stormwater improvements for Circuit Drive.,Parks and Recreation Department,In Construction,Roxbury,0,0,0,925000,0,0,0,0,0,0,0,0,0,48975,90000,130000,656025,0,0,0,0,0,925000
166,CPR25198,Parks and Recreation Department,Franklin Park Overlook,Develop programming for the Elma Lewis Playhouse and make improvements to the Overlook area of Franklin Park.,Parks and Recreation Department,In Design,Roxbury,0,0,0,750000,0,0,0,0,0,0,0,0,0,207701,0,0,542299,0,0,0,0,0,750000
167,CPR24738,Parks and Recreation Department,Franklin Park Master Plan,Develop a master plan that will enhance historic Franklin Park as a keystone park in the geographical heart of the City.,Parks and Recreation Department,Implementation Underway,Multiple Neighborhoods,0,0,0,16215000,0,0,0,0,0,0,0,0,0,1423385,85000,0,14706615,0,0,0,0,0,16215000
168,CPR25287,Parks and Recreation Department,Franklin Park Peabody Circle,"Design improvements to Peabody Circle that create a welcoming and functional park entrance that coordinates with ZNE, and the Blue Hill Avenue and Columbia Road Transportation Action Plans.",Parks and Recreation Department,To Be Scheduled,Roxbury,0,0,0,300000,0,0,0,0,0,0,0,0,0,0,0,20000,280000,0,0,0,0,0,300000
169,CPR25323,Parks and Recreation Department,Franklin Park Shattuck Tennis Courts,Design for increased tennis court capacity and other improvements at the Shattuck Tennis Courts and Grove.,Parks and Recreation Department,In Construction,Multiple Neighborhoods,0,0,0,4660000,0,0,0,0,0,0,0,0,0,107653,425000,1060000,3067347,0,0,0,0,0,4660000
170,CPR24826,Parks and Recreation Department,General Parks Improvements,"Replace fencing, pavement, court lighting, and other infrastructure improvements needed.",Parks and Recreation Department,Annual Program,Citywide,3096000,1000000,0,1200000,0,0,0,0,0,701213,1500000,750000,1144787,0,75000,100000,1025000,0,0,0,0,0,5296000
171,CPR25112,Parks and Recreation Department,Geneva Cliffs Urban Wild,"Reprogram Geneva Cliffs from an Urban Wild to a city park with playground, passive seating, walking paths, and accessible entrances.",Parks and Recreation Department,In Construction,Dorchester,2000000,0,0,0,0,0,0,0,0,35391,55000,180000,1729609,0,0,0,0,0,0,0,0,0,2000000
172,CPR25028,Parks and Recreation Department,Greenhouses at Franklin Park,Renovation and heating system upgrades for BPRD's greenhouse facility.,Public Facilities Department,To Be Scheduled,Roxbury,750000,0,0,0,0,0,0,0,0,0,0,0,750000,0,0,0,0,0,0,0,0,0,750000
173,CPR25291,Parks and Recreation Department,Harambee Park Phase 5,"Design and construct improvements to the netball court with fencing, build a tennis court, and separate sewer and drain lines as required by BWSC.",Parks and Recreation Department,In Design,Dorchester,1510000,0,0,0,0,0,0,0,0,0,65000,120000,1325000,0,0,0,0,0,0,0,0,0,1510000
174,CPR25116,Parks and Recreation Department,Hardiman Playground,Develop design for a complete renovation of the play area.,Parks and Recreation Department,In Design,Allston / Brighton,100000,140000,0,0,0,0,0,0,0,78800,0,40000,121200,0,0,0,0,0,0,0,0,0,240000
175,CPR25072,Parks and Recreation Department,Historic Cemeteries,Ongoing program of repairs in designated historic cemeteries located throughout the City.,Parks and Recreation Department,Annual Program,Multiple Neighborhoods,2000000,0,0,0,0,0,0,0,0,1408234,100000,300000,191766,0,0,0,0,0,0,0,0,0,2000000
176,CPR25027,Parks and Recreation Department,Jamaica Pond Boathouse Study,Programming study for Jamaica Pond Boathouse.,Public Facilities Department,Study Underway,Jamaica Plain,500000,0,0,0,0,0,0,0,0,0,150000,150000,200000,0,0,0,0,0,0,0,0,0,500000
177,CPR25201,Parks and Recreation Department,Jefferson Playground,"Make improvements to the ball field, playground, basketball court, seating, and drainage in the park, and upgrade field lighting.",Parks and Recreation Department,In Design,Jamaica Plain,350000,0,0,0,0,0,0,0,0,0,41250,220000,88750,0,0,0,0,0,0,0,0,0,350000
178,CPR24961,Parks and Recreation Department,Mary Ellen Welch Greenway,"Design of comprehensive park improvements including sea level rise mitigation, stormwater management upgrades, improvements to pathways, furnishings, plantings and murals.",Parks and Recreation Department,In Construction,East Boston,3300000,0,0,0,0,0,1000000,0,0,293361,195000,550000,2261639,0,0,0,0,0,0,150000,850000,0,4300000
179,CPR24860,Parks and Recreation Department,McKinney Playground,Partial implementation of the master plan including ball field renovations and pathway improvements.,Parks and Recreation Department,In Construction,Allston / Brighton,3573000,0,0,0,0,0,0,0,0,273106,45000,250000,3004894,0,0,0,0,0,0,0,0,1612000,5185000
180,CPR25293,Parks and Recreation Department,McLaughlin Playground,"Design improvements to the play area, basketball court, plaza, accessible pathways, and fields.",Parks and Recreation Department,In Design,Mission Hill,300000,0,0,0,0,0,0,0,0,0,0,75000,225000,0,0,0,0,0,0,0,0,0,300000
181,CPR25025,Parks and Recreation Department,McLean Playground,Improvements to basketball court and nearby areas to improve accessibility and access to the site.,Parks and Recreation Department,In Construction,East Boston,1410000,0,0,0,0,0,0,0,0,128090,100000,845000,336910,0,0,0,0,0,0,0,0,0,1410000
182,CPR25117,Parks and Recreation Department,Millennium Park Restroom Building,Design and construct permanent bathroom facilities for the park.,Public Facilities Department,In Design,West Roxbury,250000,0,0,0,0,0,0,0,0,0,0,0,250000,0,0,0,0,0,0,0,0,0,250000
183,CPR24857,Parks and Recreation Department,Moakley Park,Implementation of master plan for Moakley Park. This project will redesign the park including climate resilience features to mitigate flood risk.,Parks and Recreation Department,In Design,South Boston,37859765,12140235,0,0,0,0,2670000,0,19817200,5426863,100000,5000000,39473137,0,0,0,0,1500000,0,0,20987200,0,72487200
184,CPR25086,Parks and Recreation Department,Moakley Park O&M Building,Design a new operations and maintenance building as part of Phase 1 park improvements.,Public Facilities Department,In Design,South Boston,1050000,0,0,0,0,0,0,0,0,664224,15000,50001,320775,0,0,0,0,0,0,0,0,0,1050000
185,CPR25115,Parks and Recreation Department,Mount Hope Cemetery Paving Improvements,Survey and design to prioritize roadway and landscape improvements at Mt. Hope Cemetery.,Parks and Recreation Department,In Construction,Mattapan,300000,0,0,0,0,0,0,0,0,0,35000,265000,0,0,0,0,0,0,0,0,0,0,300000
186,CPR25295,Parks and Recreation Department,Mozart Park Playground & Art Setting,Design improvements to the play area and site permanent location for proposed artwork.,Parks and Recreation Department,In Design,Jamaica Plain,180000,0,0,0,0,0,0,0,0,0,50000,90000,40000,0,0,0,0,0,0,0,0,0,180000
187,CPR25163,Parks and Recreation Department,Open Space Acquisition,Acquire property suitable for preservation and use as public open space.,Parks and Recreation Department,Annual Program,Citywide,10000000,0,0,0,0,0,0,0,0,39367,0,0,9960633,0,0,0,0,0,0,0,0,0,10000000
188,CPR25342,Parks and Recreation Department,Park Accessibility Improvements,"Install companion seating, communication boards, sensory play spaces, and other accessibility elements at 19 parks across the city.",Parks and Recreation Department,In Design,Multiple Neighborhoods,300000,0,0,0,0,0,0,0,0,0,50000,75000,175000,0,0,0,0,0,0,0,0,0,300000
189,CPR24020,Parks and Recreation Department,Park Planning Studies,"Planning and related landscape design services including: capital phasing plans, development of standard details and specifications and miscellaneous planning services.",Parks and Recreation Department,Annual Program,Citywide,247383,0,0,0,0,0,0,0,0,39050,0,0,208333,0,0,0,0,0,0,0,0,0,247383
190,CPR24855,Parks and Recreation Department,Penniman Road Play Area,"Design for a comprehensive park renovation including drainage, play lot, courts, passive areas, pathways, landscaping, site furnishings and infrastructure.",Parks and Recreation Department,In Design,Allston / Brighton,2050000,0,0,0,0,0,0,0,0,18100,50000,100000,1881900,0,0,0,0,0,0,0,0,270000,2320000
191,CPR25324,Parks and Recreation Department,Poplar Gate Path,Design and reconstruct the path south of Poplar Gate in the Arboretum in conjunction with an Arboretum led project on the gate itself.,Parks and Recreation Department,In Construction,Multiple Neighborhoods,935000,0,0,0,0,0,0,0,0,27339,170000,705000,32661,0,0,0,0,0,0,0,0,0,935000
192,CPR25294,Parks and Recreation Department,Porzio Park Play Area,Design improvements to the play area and splash pad.,Parks and Recreation Department,In Design,East Boston,200000,0,0,0,0,0,0,0,0,0,15000,15000,170000,0,0,0,0,0,0,0,0,20000,220000
193,CPR25194,Parks and Recreation Department,Quincy Street Play Area,"Renovation to an active recreation park including full basketball court, café tables, and four exercise stations.",Parks and Recreation Department,In Design,Roxbury,1030000,0,0,0,0,0,0,0,0,0,40000,90000,900000,0,0,0,0,0,0,0,0,0,1030000
194,CPR25335,Parks and Recreation Department,Remote Control at Court Lights,Convert court timers to remotely controlled lighting systems.,Parks and Recreation Department,Implementation Underway,Citywide,750000,0,0,0,0,0,0,0,0,0,75000,75000,600000,0,0,0,0,0,0,0,0,0,750000
195,CPR25077,Parks and Recreation Department,Renovations at Municipal Golf Courses,"Improve drainage, paving, and other miscellaneous items at the William Devine and George Wright Golf Courses.",Parks and Recreation Department,Annual Program,Multiple Neighborhoods,1591164,1908836,0,0,0,0,0,0,0,579585,200000,250000,2470415,0,0,0,0,0,0,0,0,0,3500000
196,CPR25341,Parks and Recreation Department,Retaining Wall Repairs,"Make repairs to retaining walls at Jamaica Pond, Arnold Arboretum, and Copp’s Hill Terrace.",Parks and Recreation Department,In Design,Multiple Neighborhoods,600000,0,0,0,0,0,0,0,0,0,20000,100000,480000,0,0,0,0,0,0,0,0,0,600000
197,CPR25196,Parks and Recreation Department,Rogers Park Phase 1,"Phase 1 of the Rogers Park Master Plan implementation, including renovations to the baseball and softball fields, perimeter fence, new LED sports lighting, a walking pathway, and improved park entrances.",Parks and Recreation Department,In Design,Allston / Brighton,300000,0,0,0,0,0,0,0,0,0,0,75000,225000,0,0,0,0,0,0,0,0,0,300000
198,CPR25204,Parks and Recreation Department,Ronan Park,"Renovate park including full upper terrace, playground, safety surfacing, water play, paying, entrances, and basketball courts.",Parks and Recreation Department,In Construction,Dorchester,3050000,0,0,0,0,0,425000,0,0,81630,100000,25000,2843370,0,0,0,0,0,0,50000,375000,0,3475000
199,CPR24859,Parks and Recreation Department,Ryan Playground,"Renovate the park facilities, including the ball fields, playground, and basketball courts, improve lighting, and construct coastal resilience solutions to mitigate sea level rise and close a flood pathway.",Parks and Recreation Department,In Construction,Charlestown,20500000,0,0,0,0,0,0,0,0,2181741,10000000,7500000,818259,0,0,0,0,0,0,0,0,7600000,28100000
200,CPR25119,Parks and Recreation Department,Ryan Playground Field House,"Design repairs to the fieldhouse including foundations repairs and waterproofing, updating electrical, new roof, and replace windows and doors.",Public Facilities Department,To Be Scheduled,Charlestown,75000,0,0,0,0,0,0,0,0,0,0,0,75000,0,0,0,0,0,0,0,0,0,75000
201,CPR24968,Parks and Recreation Department,Safety Surfacing Replacement,Upgrade and replace safety surfacing at various City parks.,Parks and Recreation Department,Annual Program,Citywide,3900000,0,0,0,0,0,0,0,0,1977400,500000,500000,922600,0,0,0,0,0,0,0,0,0,3900000
202,CPR25297,Parks and Recreation Department,Savin Hill Park Courts,Design improvements to the existing sport courts that address drainage and accessibility.,Parks and Recreation Department,In Design,Dorchester,165000,0,0,0,0,0,0,0,0,0,10000,40000,115000,0,0,0,0,0,0,0,0,0,165000
203,CPR25195,Parks and Recreation Department,St. James Street Park,Renovation to a small park and playground.,Parks and Recreation Department,In Design,Roxbury,1250000,0,0,0,0,0,0,0,0,0,40000,55000,1155000,0,0,0,0,0,0,0,0,0,1250000
204,CPR25075,Parks and Recreation Department,Street Tree Planting,Ongoing program of street tree planting throughout the City.,Parks and Recreation Department,Annual Program,Citywide,10000000,0,0,0,0,0,0,0,0,4391672,2000000,1500000,2108328,0,0,0,0,0,0,0,0,0,10000000
205,CPR25199,Parks and Recreation Department,Tebroc Street Play Area,"Renovate playground including new play equipment, surfacing, seating, improve drainage and infiltrate stormwater, and protect and expand tree canopy.",Parks and Recreation Department,In Design,Dorchester,1000000,0,0,0,0,0,0,0,0,0,30000,50000,920000,0,0,0,0,0,0,0,0,0,1000000
206,CPR25170,Parks and Recreation Department,Town Field Study,"Comprehensive park improvements including a new competition softball field, multi-purpose field, basketball court, tennis court, play area, splash pad, and walking path.",Parks and Recreation Department,In Design,Dorchester,500000,0,0,0,0,0,0,0,0,70000,75000,175000,180000,0,0,0,0,0,0,0,0,0,500000
207,CPR25296,Parks and Recreation Department,Trotter School Park Playground,"Design improvements to the play area, basketball courts, and gateway.",Parks and Recreation Department,In Design,Roxbury,165000,0,0,0,0,0,0,0,0,0,30000,100000,35000,0,0,0,0,0,0,0,0,0,165000
208,CPR25076,Parks and Recreation Department,Urban Wilds,"Renovate walls, walkways, and signage within urban wilds owned by the Environment Department and the Parks and Recreation Department.",Parks and Recreation Department,Annual Program,Citywide,2000000,0,0,0,0,0,0,0,0,327798,75000,150000,1447202,0,0,0,0,0,0,0,0,0,2000000
209,CPR25120,Parks and Recreation Department,Watson Park,Develop design plans for a set of passive parks.,Parks and Recreation Department,Study Underway,South End,100000,0,0,0,0,0,0,0,0,39119,45000,0,15881,0,0,0,0,0,0,0,0,0,100000
210,CPR25203,Parks and Recreation Department,Webster Ave Playground,"Improvements to playground include upgrades to accessibility, preserving and protecting trees, infiltrating storm water where feasible.",Parks and Recreation Department,In Design,North End,470000,0,0,0,0,0,0,0,0,0,5000,30000,435000,0,0,0,0,0,0,0,0,0,470000
211,CBR25340,Planning Department,CNY Flagship Wharf Bulkhead Restoration,Restore bulkhead at the Charlestown Navy Yard's Flagship Wharf between Pier 4 and Pier 5.,Planning Department,In Design,Charlestown,4000000,0,0,0,0,0,0,0,0,0,0,2000000,2000000,0,0,0,0,0,0,0,0,0,4000000
212,CBR25153,Planning Department,Little Mystic Open Space / Harborwalk,Extend Harborwalk along the edge of Little Mystic Channel to connect with the Charlestown Navy Yard. City funds will be used to complete the design.,Planning Department,In Construction,Charlestown,1000000,0,0,0,0,0,0,0,0,0,0,200000,800000,0,0,0,0,0,0,0,0,0,1000000
213,CBR25184,Planning Department,Long Wharf Resiliency Improvements,"Design and engineering work for the resilience needs of Downtown and the North End, to advance the solutions outlined in Climate Ready Boston. The project includes stabilizing the east face seawall.",Planning Department,In Construction,Downtown / Government Center,4000000,5000000,0,0,0,0,0,0,0,0,0,0,9000000,0,0,0,0,0,0,0,0,0,9000000
214,CBR25187,Planning Department,RLFMP Fid Kennedy Realignment,"Design, engineering, and reconstruction of Fid Kennedy Avenue into a designated industrial trucking route for the RLFMP.",Planning Department,In Construction,South Boston,5000000,0,0,0,0,0,0,0,0,0,0,0,5000000,0,0,0,0,0,0,0,0,0,5000000
215,CBR25186,Planning Department,RLFMP South Jetty and Bulkhead Rehabilitation,Construction of a replacement bulkhead and jetty near Drydock 3. Project includes demolition and removal of existing South Jetty.,Planning Department,In Construction,South Boston,7900000,0,0,0,0,0,0,0,0,0,7900000,0,0,0,0,0,0,0,0,0,0,0,7900000
216,CBR25188,Planning Department,RLFMP Streetscape Improvements,"Design and construction of improvements to the streets and sidewalks in the RLFMP to meet City standards including sidewalk widening, ADA compliance, and multimodal transportation infrastructure.",Planning Department,In Design,South Boston,5000000,0,0,0,0,0,0,0,0,0,0,0,5000000,0,0,0,0,0,0,0,0,0,5000000
217,CBR25185,Planning Department,RLFMP Wharf 8/Pier 10 Improvements,Improvements to Wharf 8 and Pier 10 and adjacent areas in the RLFMP to maintain the infrastructure in a state of good repair and improve coastal resilience.,Planning Department,In Construction,South Boston,5000000,2000000,0,0,0,0,0,0,0,0,0,0,7000000,0,0,0,0,0,0,0,0,0,7000000
218,CPM25299,Property Management Department,1010 Massachusetts Avenue,Begin design process for comprehensive renovation of 1010 Massachusetts Avenue and begin initial interior renovations.,Public Facilities Department,In Design,Roxbury,10000000,0,0,0,0,0,0,0,0,43710,0,3000000,6956290,0,0,0,0,0,0,0,0,0,10000000
219,CPM24926,Property Management Department,201 Rivermoor Street,Make repairs to sections of the roof and install high density shelving in the Archives space.,Public Facilities Department,In Construction,West Roxbury,20000000,0,0,0,0,0,0,0,0,1791758,1000000,10000000,7208242,0,0,0,0,0,0,0,0,0,20000000
220,CPM25206,Property Management Department,Animal Shelter HVAC - 26 Mahler Road,Design and implement HVAC and building repairs to the Boston Animal Shelter facility.,Public Facilities Department,In Construction,Roslindale,1860000,0,0,1000000,0,0,0,0,0,0,500000,1000000,360000,37164,700000,262836,0,0,0,0,0,0,2860000
221,CPM25000,Property Management Department,City Hall HVAC,Replace air handling units to ensure continued operation of the City Hall air distribution system.,Public Facilities Department,In Construction,Downtown / Government Center,78220000,15380000,0,0,0,0,0,0,0,1874032,250000,15000000,76475968,0,0,0,0,0,0,0,0,0,93600000
222,CPM25298,Property Management Department,City Hall Four Stop Elevator,"Design and install a new 4 stop elevator in City Hall, allowing movement between floors 1, 2, 3, M, and 4 to improve accessibility of the interior courtyard and transaction windows.",Public Facilities Department,In Construction,Downtown / Government Center,8000000,2000000,0,0,0,0,0,0,0,27485,300000,6000000,3672515,0,0,0,0,0,0,0,0,0,10000000
223,CPM25093,Property Management Department,City Hall Plaza Phase 2,"Improvements to the southern portion of City Hall Plaza to improve accessibility and aesthetics, and make critical structural improvements to the plaza, Donnelly Garage, and Congress Street stairs.",Public Facilities Department,In Construction,Downtown / Government Center,49500000,0,0,0,0,0,0,0,0,1734299,4500000,15000000,28265701,0,0,0,0,0,0,0,0,0,49500000
224,CPM24832,Property Management Department,Municipal Facility Repairs,"Study, design, renovation, and construction at various municipal facilities in the City's portfolio.",Property Management Department,Annual Program,Multiple Neighborhoods,25663000,16737000,0,0,0,0,0,0,0,10867699,5000000,3000000,23532301,0,0,0,0,0,0,0,0,0,42400000
225,CPM25368,Property Management Department,Strand Theatre,"Make repairs to the loading dock, marquee, and audio system.",Property Management Department,In Design,Dorchester,1500000,0,0,0,0,0,0,0,0,0,200000,800000,500000,0,0,0,0,0,0,0,0,0,1500000
226,CPM25130,Property Management Department,Veronica Smith Senior Center,Replace HVAC system.,Public Facilities Department,In Construction,Allston / Brighton,4800000,0,0,0,0,0,0,0,0,243029,200000,4356971,0,0,0,0,0,0,0,0,0,0,4800000
227,CPD25240,Police Department,911 Battery/UPS/PDU Backup,Replace E-9-1-1 battery/UPS/PDU backup system.,Police Department,Implementation Underway,Citywide,2075000,0,0,0,0,0,0,0,0,170805,100000,1357000,447195,0,0,0,0,0,0,0,0,0,2075000
228,CPD25330,Police Department,A1 Elevator Replacement,Repair or replace elevators at A-1 station.,Police Department,In Design,Downtown / Government Center,1000000,0,0,0,0,0,0,0,0,0,0,200000,800000,0,0,0,0,0,0,0,0,0,1000000
229,CPD24169,Police Department,Communications Infrastructure Upgrades,Design and implementation of upgrades to the Police radio system.,Police Department,Implementation Underway,Citywide,53794000,0,0,0,0,0,0,0,0,50571634,2000000,1000000,222366,0,0,0,0,0,0,0,0,0,53794000
230,CPD25177,Police Department,District D-4 Station Elevator,Make repairs to the station elevator.,Public Facilities Department,In Design,South End,1000000,0,0,0,0,0,0,0,0,0,0,300000,700000,0,0,0,0,0,0,0,0,0,1000000
231,CPD25239,Police Department,Moon Island Gun Range,Renovate the outdoor rifle range training facility on Moon Island including improved drainage.,Public Facilities Department,In Design,Harbor Islands,4000000,0,0,0,0,0,0,0,0,411906,500000,3000000,88094,0,0,0,0,0,0,0,0,0,4000000
232,CPD25305,Police Department,Server Room Backup Cooling,Install emergency backup cooling systems to headquarters server room.,Police Department,In Design,Roxbury,1000000,0,0,0,0,0,0,0,0,0,0,0,1000000,0,0,0,0,0,0,0,0,0,1000000
233,CPD24951,Police Department,Station Facility Repairs,Capital maintenance at various BPD facilities including exterior repairs.,Police Department,Annual Program,Multiple Neighborhoods,2000000,0,0,0,0,0,0,0,0,0,0,100000,1900000,0,0,0,0,0,0,0,0,0,2000000
234,CPW24785,Public Works Department,Amory Street Extension and Canterbury Street,"Reconstruct road, sidewalks, and lighting from Amory Street to the end and also sidewalk and safety improvements at intersection of Canterbury Street, Neponset Avenue, and Bourne Street.",Public Works Department,In Construction,Multiple Neighborhoods,1705000,0,0,0,0,0,0,0,0,1550668,154332,0,0,0,0,0,0,0,0,0,0,0,1705000
235,CPW25224,Public Works Department,Austin Street Bridge,Engineering and construction work to ensure the Austin Street Bridge remains in a state of good repair.,Public Works Department,To Be Scheduled,Charlestown,5000000,0,0,0,0,0,0,0,0,0,0,0,5000000,0,0,0,0,0,0,0,0,0,5000000
236,CPW25349,Public Works Department,Belvidere / Dalton Street,Reconstruct the corridor of Belvidere Street between Huntington Avenue and Dalton Street.,Public Works Department,In Design,Back Bay,350000,0,0,0,0,0,0,0,0,0,0,200000,150000,0,0,0,0,0,0,0,0,260000,610000
237,CPW25225,Public Works Department,Blakemore Street Bridge,Engineering and construction work to ensure the Blakemore Street Bridge remains in a state of good repair.,Public Works Department,To Be Scheduled,Roslindale,750000,0,0,0,0,0,0,0,0,0,0,0,750000,0,0,0,0,0,0,0,0,0,750000
238,CPW24564,Public Works Department,Boylston Street Sidewalks,Design and construct sidewalk and/or streetscape improvements on Boylston Street.,Public Works Department,In Design,Back Bay,5239000,0,0,3500000,0,0,261000,0,0,0,0,0,5239000,1864700,0,0,1635300,259896,0,0,1104,0,9000000
239,CPW25315,Public Works Department,Bridge Repairs,Ongoing repairs at various City-owned bridges as needed to bring the portfolio of 40 bridges to a state of good repair. This includes proactive maintenance and annual maintenance.,Public Works Department,Annual Program,Citywide,38300000,11700000,0,0,0,0,4745050,0,0,0,1500000,5500000,43000000,0,0,0,0,0,2500000,2245050,0,0,54745050
240,CPW25348,Public Works Department,Brighton Streets,"Replace the fencing and make sidewalk and roadway improvements along Newton Street, Vineland Street, and Riverview Road, utilizing ARPA funds.",Public Works Department,Implementation Underway,Allston / Brighton,0,0,0,0,0,0,3842000,0,0,0,0,0,0,0,0,0,0,0,500000,3000000,342000,0,3842000
241,CPW25220,Public Works Department,Flora Way Reconstruction,"Phase I of a reconstruction of Flora Way in the Arboretum, which will improve sidewalk conditions, add lighting to the street, and explore adding active transportation infrastructure.",Public Works Department,Study Underway,Multiple Neighborhoods,250000,0,0,0,0,0,0,0,0,0,0,250000,0,0,0,0,0,0,0,0,0,0,250000
242,CPW20586,Public Works Department,Cambridge Street Bridge,"Rehabilitate bridge, performing repairs as needed.",Public Works Department,To Be Scheduled,Charlestown,3000000,0,0,0,0,0,0,0,0,0,0,0,3000000,0,0,0,0,0,0,0,0,16632000,19632000
243,CPW25068,Public Works Department,Central Maintenance Facility Complex,"Continued renovations to the building, garage, and grounds.",Public Facilities Department,To Be Scheduled,South Boston,11000000,0,0,0,0,0,0,0,0,7134070,700000,1200000,1965930,0,0,0,0,0,0,0,0,0,11000000
244,CPW25304,Public Works Department,Central Maintenance Facility Roof Replacement,Replace the roof at the central maintenance facility at 400 Frontage Road.,Public Facilities Department,In Construction,South Boston,8300000,0,0,0,0,0,0,0,0,0,850000,5100000,2350000,0,0,0,0,0,0,0,0,0,8300000
245,CPW25099,Public Works Department,Chinatown Sidewalk Improvements,Improve the condition of sidewalks in historic Chinatown neighborhood.,Public Works Department,In Design,Chinatown,3000000,0,0,0,0,0,0,0,0,92771,150000,150000,2607229,0,0,0,0,0,0,0,0,0,3000000
246,CPW25352,Public Works Department,Citywide Street Safety Construction Services,"Construction of street safety improvements across the City, including intersection redesign, raised crossings, speedhumps, bikelanes, and other traffic calming strategies to promote Vision Zero.",Public Works Department,Annual Program,Citywide,9750000,4000000,0,5000000,0,0,0,0,0,0,0,3300000,10450000,0,500000,1000000,3500000,0,0,0,0,0,18750000
247,CPW25351,Public Works Department,Citywide Street Safety Design Services,"Design and engineering for street safety improvements across the City, including intersection redesign, raised crossings, speedhumps, bikelanes, and other traffic calming strategies to promote Vision Zero.",Public Works Department,Annual Program,Citywide,10000000,4000000,0,3000000,0,0,0,0,0,0,0,2000000,12000000,0,400000,750000,1850000,0,0,0,0,0,17000000
248,CPW24803,Public Works Department,Columbia Road,"Develop a master plan to create an active, green transportation corridor along Columbia Road that connects Franklin Park and the waterfront, via the historic Emerald Necklace.",Public Works Department,Study Underway,Multiple Neighborhoods,0,0,0,11000000,0,0,0,0,0,0,0,0,0,1227915,200000,100000,9472085,0,0,0,0,0,11000000
249,CPW25350,Public Works Department,Commonwealth Avenue Mall Crosswalks,Design and reconstruction of seven intersections along the Commonwealth Ave Mall between Hereford Street and Berkeley Street to improve pedestrian walking experience and improve safety.,Public Works Department,Study Underway,Back Bay,600000,0,0,0,0,0,0,0,0,0,0,0,600000,0,0,0,0,0,0,0,0,0,600000
250,CPW24704,Public Works Department,Congress Street and Sleeper Street,Make permanent safety improvements on Congress and Sleeper Streets in Fort Point Channel.,Public Works Department,In Construction,South Boston,0,0,0,824190,0,0,10575811,0,0,0,0,0,0,164966,200000,459224,0,0,750000,4000000,5825811,0,11400001
251,CPW25346,Public Works Department,Connect Downtown: Charles South/Tremont,Transform Charles Street and Tremont Street between Boylston Street and Herald Street into a pedestrian and bicycle-friendly street that aligns with neighborhood goals.,Public Works Department,To Be Scheduled,Multiple Neighborhoods,2250000,0,0,0,0,0,0,0,0,0,0,0,2250000,0,0,0,0,0,0,0,0,0,2250000
252,CPW25345,Public Works Department,Connect Downtown: Columbus Ave Phase I,Make safety and state of good repair improvements to Columbus Avenue between Massachusetts Avenue and Clarendon Street.,Public Works Department,To Be Scheduled,Multiple Neighborhoods,1700000,0,0,0,0,0,0,0,0,0,0,0,1700000,0,0,0,0,0,0,0,0,0,1700000
253,CPW24786,Public Works Department,Cummins Highway,"Reconstruct road, make traffic improvements, install new pedestrian ramps, enhance bike access, install new tree plantings, and improve lighting from River Street in Mattapan Square to Harvard Street.",Public Works Department,In Construction,Mattapan,0,0,0,0,0,0,31306311,0,0,0,0,0,0,0,0,0,0,11357597,15000000,4948715,-1,0,31306311
254,CPW25362,Public Works Department,District 7 Maintenance Yard,"Improvements and repairs to the roof and garage, including replacement of the door and interior heating systems.",Public Facilities Department,In Design,Roxbury,750000,0,0,0,0,0,0,0,0,0,0,150000,600000,0,0,0,0,0,0,0,0,0,750000
255,CPW24848,Public Works Department,District Yard Improvements,Facility assessment and improvements to the City's district yards utilized by the Public Works Department.,Public Works Department,To Be Scheduled,Multiple Neighborhoods,650000,0,0,0,0,0,0,0,0,0,0,0,650000,0,0,0,0,0,0,0,0,0,650000
256,CPW24789,Public Works Department,Downtown Crossing,"Design improvements to the Washington / Summer / Winter Streets intersections, including reconstruction of the roadway, implementation of pedestrian zones, and security improvements.",Public Works Department,In Design,Downtown / Government Center,2000000,0,0,0,0,0,0,0,0,782340,300000,300000,617660,0,0,0,0,0,0,0,0,0,2000000
257,CPW24985,Public Works Department,Footpath and Stairways,Conduct assessment of footpaths and stairways throughout the City followed by reconstruction.,Public Works Department,Annual Program,Citywide,4000000,0,0,0,0,0,0,0,0,490641,75000,75000,3359359,0,0,0,0,0,0,0,0,0,4000000
258,CPW25228,Public Works Department,Fort Point Channel Bridges,"Engineering and construction work to ensure the three bridges over the Fort Point Channel remain in a state of good repair, including the Summer Street, Congress Street, and Moakley Bridges.",Public Works Department,To Be Scheduled,South Boston,5000000,0,15000000,0,0,0,0,0,0,0,0,0,20000000,0,0,0,0,0,0,0,0,0,20000000
259,CPW24703,Public Works Department,Harrison Avenue Improvements,Road reconstruction improvements to Harrison Avenue between East Berkeley Street and Herald Street.,Public Works Department,In Construction,South End,0,0,0,4762000,0,0,1502050,0,0,0,0,0,0,0,400000,2000000,2362000,100000,150000,500000,752050,0,6264050
260,CPW25363,Public Works Department,Highland Ave District Boiler Replacement,Replace boiler.,Public Works Department,In Design,Roxbury,1000000,0,0,0,0,0,0,0,0,0,0,0,1000000,0,0,0,0,0,0,0,0,0,1000000
261,CPW25162,Public Works Department,Inventory Management Program,Purchase and implement an inventory management system for street lighting tools and supplies.,Public Works Department,Implementation Underway,Citywide,500000,0,0,0,0,0,0,0,0,85000,0,135000,280000,0,0,0,0,0,0,0,0,0,500000
262,CPW25301,Public Works Department,Jones Avenue Neighborhood Improvements,"Reconstruct the existing sidewalks and roadways on parts of Jones Avenue, Jacobs Street, Mascot Street, Mountain Avenue, Ballou Avenue, and Willowwood Street.",Public Works Department,In Construction,Dorchester,0,0,0,0,0,0,7097269,0,0,0,0,0,0,0,0,0,0,0,700000,2800000,3597269,0,7097269
263,CPW25276,Public Works Department,Long Island Bridge,Construct a new bridge from Moon Island to Long Island.,Public Works Department,In Design,Harbor Islands,50000000,0,58758144,0,0,0,0,0,0,41500,100000,100000,108516644,0,0,0,0,0,0,0,0,0,108758144
264,CPW25317,Public Works Department,Lower Roxbury Neighborhood Safety Improvements,"Roadway safety and crossing improvements on Harrison Avenue, Washington Street, Shawmut Avenue, Tremont Street, and Northampton Street. Install bike lanes on Northampton Street and Shawmut Avenue.",Public Works Department,In Construction,Roxbury,0,0,0,2958000,0,0,0,0,0,0,0,0,0,0,2900000,58000,0,0,0,0,0,1000000,3958000
265,CPW25229,Public Works Department,Massachusetts Ave. / Huntington Ave. Bridge,Engineering and construction work to ensure the overpass bridge at the intersection of Massachusetts Avenue and Huntington Avenue remains in a state of good repair.,Public Works Department,To Be Scheduled,Fenway / Kenmore,2000000,0,0,0,0,0,0,0,0,0,0,0,2000000,0,0,0,0,0,0,0,0,0,2000000
266,CPW25032,Public Works Department,Massachusetts Avenue and Melnea Cass Boulevard Intersection,"Re-design the intersection of Massachusetts Avenue and Melnea Cass Boulevard to improve pedestrian, bicycle and vehicular safety.",Public Works Department,To Be Scheduled,Multiple Neighborhoods,1500000,0,0,0,0,0,0,0,0,0,0,0,1500000,0,0,0,0,0,0,0,0,0,1500000
267,CPW24616,Public Works Department,McArdle Bridge,Design phase of bridge structure rehabilitation.,Public Works Department,In Design,East Boston,15000000,30000000,0,0,0,0,0,0,0,879968,1300000,2000000,40820032,0,0,0,0,0,0,0,0,0,45000000
268,CPW24736,Public Works Department,Northern Avenue Bridge,"Take necessary steps to make the bridge and surrounding area safe for users of Fort Point Channel, including demolition of the superstructure, while respecting the historical nature of the bridge.",Public Works Department,In Design,South Boston,25000000,0,0,21000000,0,0,0,0,0,114981,500000,1000000,23385019,10027789,10000,8000000,2962211,0,0,0,0,0,46000000
269,CPW25318,Public Works Department,Pleasant Street Neighborhood Safety Improvements,Roadway safety improvements on Pleasant Street from Sawyer Avenue to the intersection with East Cottage Street.,Public Works Department,In Construction,Dorchester,0,0,0,2500000,0,0,0,0,0,0,0,0,0,0,750000,1750000,0,0,0,0,0,0,2500000
270,CPW25347,Public Works Department,Poplar Street Safety Improvements Phase II,"Update ramps on Poplar Street and introduce safe raised crossings at five key locations, including close to a school.",Public Works Department,In Design,Roslindale,1500000,500000,0,0,0,0,0,0,0,0,0,0,2000000,0,0,0,0,0,0,0,0,0,2000000
271,CPW23414,Public Works Department,Retaining Walls,Construction funds to support a multi-year capital improvement program to repair and maintain retaining walls in the public right-of-way.,Public Works Department,Annual Program,Citywide,2200000,0,0,0,0,0,0,0,0,565504,0,0,1634496,0,0,0,0,0,0,0,0,0,2200000
272,CPW25308,Public Works Department,Sidewalk and Ramp Reconstruction FY25-27,"Program for sidewalk reconstruction and repair including responses to 311 requests as well as planned reconstruction of brick and concrete sidewalks for the 2025, 2026, and 2027 construction seasons.",Public Works Department,Annual Program,Citywide,27350000,2250000,0,28675810,0,0,3200000,0,0,1166249,15000000,13433751,0,0,8000000,20675810,0,3200000,0,0,0,0,61475810
273,CPW25309,Public Works Department,Roadway Reconstruction and Resurfacing FY25-27,Maintain citywide streets with resurfacing and reconstruction efforts.,Public Works Department,Annual Program,Citywide,41500000,10000000,0,0,0,0,10000000,0,30500000,1311086,28000000,22188914,0,0,0,0,0,0,20000000,20500000,0,0,92000000
274,CPW25230,Public Works Department,Shawmut Avenue Bridge,Engineering and construction work to ensure the Shawmut Avenue Bridge remains in a state of good repair.,Public Works Department,To Be Scheduled,Multiple Neighborhoods,1100000,0,0,0,0,0,0,0,0,0,0,0,1100000,0,0,0,0,0,0,0,0,0,1100000
275,CPW24784,Public Works Department,State Street,"Reconstruct road, sidewalks, and lighting from Congress Street to Rose Kennedy Greenway.",Public Works Department,To Be Scheduled,Downtown / Government Center,6000000,0,0,2700000,0,0,0,0,0,0,0,0,6000000,0,0,0,2700000,0,0,0,0,0,8700000
276,CPW24983,Public Works Department,Street Lighting Assessment,Implement a system wide structural assessment on all City street lighting infrastructure.,Public Works Department,Implementation Underway,Citywide,1000000,0,0,0,0,0,0,0,0,13500,125000,250000,611500,0,0,0,0,0,0,0,0,0,1000000
277,CPW25078,Public Works Department,Street Lighting Infrastructure Upgrades and Installation,Installation and upgrades of street lights in various locations.,Public Works Department,Annual Program,Citywide,22000000,8000000,0,0,0,0,0,0,0,5830121,4000000,4000000,16169879,0,0,0,0,0,0,0,0,0,30000000
278,CPW22629,Public Works Department,Sullivan Square / Rutherford Avenue,Engineering and design services to provide for corridor-wide transportation improvements. State and federal funding anticipated.,Public Works Department,In Design,Charlestown,8206000,0,0,827000,0,0,4409403,0,0,4562789,1000000,0,2643211,0,200000,627000,0,4025465,380000,3938,0,197759449,211201852
279,CPW25300,Public Works Department,Wood Avenue Safety Improvements,Design and construct safety improvements along Wood Avenue and in the surrounding neighborhoods.,Public Works Department,In Construction,Hyde Park,2000000,3150000,0,0,0,0,0,0,0,249800,0,0,4900200,0,0,0,0,0,0,0,0,0,5150000
280,CPH25378,Public Health Commission,IT Server Infrastructure Refresh Project,Replace critical server infrastructure for the Boston Public Health Commission.,Public Health Commission,New Project,Citywide,0,800000,0,0,0,0,0,0,0,0,0,0,800000,0,0,0,0,0,0,0,0,0,800000
281,CCC25379,Boston Centers for Youth and Families,BCYF Mason Pool,Design and renovate the Mason Pool.,Public Facilities Department,New Project,Roxbury,0,13000000,0,0,0,0,0,0,0,0,0,250000,12750000,0,0,0,0,0,0,0,0,0,13000000
282,CPR25380,Parks and Recreation Department,Franklin Park Wayfinding & XC Course,"Design guidelines for trail markings and wayfinding in Franklin Park, with a focus on cross country trails.",Parks and Recreation Department,New Project,Roxbury,0,0,0,100000,0,0,0,0,0,0,0,0,0,0,0,100000,0,0,0,0,0,0,100000
283,CPR25381,Parks and Recreation Department,Dorchester Park Infield,Reconstruct existing softball infield.,Parks and Recreation Department,New Project,Dorchester,0,50000,0,0,0,0,0,0,0,0,0,50000,0,0,0,0,0,0,0,0,0,0,50000
284,CPR25382,Parks and Recreation Department,Arnold Arboretum Hunnewell Path,Design the path at the Hunnewell entrance in the Arboretum in conjunction with an Arboretum led project on the entrance itself.,Parks and Recreation Department,New Project,Jamaica Plain,0,170000,0,0,0,0,0,0,0,0,0,0,170000,0,0,0,0,0,0,0,0,0,170000
285,CPR25383,Parks and Recreation Department,East Boston Memorial Park Playground,Design playground improvements to the playground.,Parks and Recreation Department,New Project,East Boston,0,230000,0,0,0,0,0,0,0,0,0,0,230000,0,0,0,0,0,0,0,0,0,230000
286,CPR25384,Parks and Recreation Department,Forbes Street Play Area,Design and renovate the park and playground area.,Parks and Recreation Department,New Project,Jamaica Plain,0,105000,0,0,0,0,0,0,0,0,0,0,105000,0,0,0,0,0,0,0,0,0,105000
287,CPM25385,Property Management Department,125 Magazine Street,Assess and address the building condition and user agency needs at the facility.,Public Facilities Department,New Project,Roxbury,0,5000000,0,0,0,0,0,0,0,0,0,150000,4850000,0,0,0,0,0,0,0,0,0,5000000
288,CBR25386,Planning Department,Lafayette Garage,Repairs to the garage.,Public Facilities Department,New Project,Downtown / Government Center,0,2000000,8000000,0,0,0,0,0,0,0,0,0,10000000,0,0,0,0,0,0,0,0,0,10000000
289,CMS25377,Department of Innovation and Technology,Permit & License Transformation,Design and implement improvements to the permit and licensing technology systems.,Department of Innovation and Technology,New Project,Citywide,1650000,2500000,0,0,0,0,0,0,0,0,100000,500000,3550000,0,0,0,0,0,0,0,0,0,4150000
290,CPM25387,Property Management Department,City Hall,"Study, design, renovation, and construction at City Hall.",Property Management Department,New Project,Downtown / Government Center,2000000,23500000,0,0,0,0,0,0,0,0,150000,1000000,24350000,0,0,0,0,0,0,0,0,0,25500000
291,CPW25388,Public Works Department,Sidewalk and Ramp Reconstruction 2028-30,"Design and construct improvements to sidewalks and curb ramps during the 2028, 2029, and 2030 construction seasons.",Public Works Department,New Project,Citywide,0,60000000,76000000,0,0,0,0,0,0,0,0,0,136000000,0,0,0,0,0,0,0,0,0,136000000
292,CPW25389,Public Works Department,Roadway Reconstruction and Resurfacing 2028-30,"Resurface and reconstruct roadways to maintain and improve the citywide pavement condition index during the 2028, 2029, and 2030 construction seasons.",Public Works Department,New Project,Citywide,0,47000000,68000000,0,0,0,0,0,42000000,0,0,0,115000000,0,0,0,0,0,0,0,42000000,0,157000000
293,CPR25390,Parks and Recreation Department,Public Garden Bridge,Make structural repairs and improvements to the bridge over the Public Garden Lagoon.,Parks and Recreation Department,New Project,Beacon Hill,0,3500000,0,0,0,0,0,0,0,0,0,100000,3400000,0,0,0,0,0,0,0,0,0,3500000
294,CPS25376,Boston Public Schools,preK Expansion Districtwide,Design work and renovations at schools across the district to support pre-K expansion.,Boston Public Schools,New Project,Citywide,3000000,0,0,0,0,0,0,0,0,0,250000,500000,2250000,0,0,0,0,0,0,0,0,0,3000000
295,CBR25339,Planning Department,Sail Boston Berthing,Improvements and capital repairs to piers and wharfs in the Raymond L. Flynn Marine Park (RLFMP) and the Charlestown Navy Yard (CNY).,Planning Department,In Construction,Multiple Neighborhoods,3000000,1500000,0,0,0,0,0,0,0,0,3000000,1500000,0,0,0,0,0,0,0,0,0,0,4500000
296,CPW25160,Public Works Department,Street Lighting Maintenance Facility,A study to determine a location for a permanent public works street lighting facility.,Public Facilities Department,Study Underway,Citywide,2500000,0,0,0,0,0,0,0,0,0,0,500000,2000000,0,0,0,0,0,0,0,0,0,2500000
297,CPW25316,Public Works Department,Transit Project Coordination and Construction,"Coordinate with the MBTA on transit projects on City streets, including Green Line work on Huntington and Commonwealth Avenues.",Public Works Department,Study Underway,Citywide,5000000,5000000,0,0,0,0,0,0,0,0,0,350000,9650000,0,0,0,0,0,0,0,0,0,10000000
298,CAR25391,Office of Arts & Culture,Crispus Attucks Memorial,"Design, fabricate, and install a memorial to Crispus Atticks.",Office of Arts & Culture,In Design,Citywide,0,75000,0,0,0,0,0,0,0,0,0,25000,50000,0,0,0,0,0,0,0,0,0,75000
299,CTD25321,Transportation Department,Albany St Bike Accommodations,Construct bike facilities on Albany Street from Melnea Cass Boulevard to Frontage Road.,Transportation Department,In Construction,South End,0,0,0,550000,0,0,0,0,0,0,0,0,0,91517,10000,0,448483,0,0,0,0,0,550000
300,CPM25392,Property Management Department,Feasibility Study Services,"Conduct studies on potential capital projects to determine scope, feasibility, cost estimate, and timeline.",Public Facilities Department,New Project,Downtown / Government Center,0,5000000,0,0,0,0,0,0,0,0,0,1000000,4000000,0,0,0,0,0,0,0,0,0,5000000
301,CED24758,Environment Department,Coastal Resilience Army Corp Study,Support the development of a study that will examine the feasibility of measures along and within the Boston Harbor to reduce vulnerability of coastal flooding due to sea level rise caused by climate change.,Environment Department,Study Underway,Multiple Neighborhoods,2700000,0,0,0,0,0,0,0,0,1765270,375000,375000,184730,0,0,0,0,0,0,0,0,3000000,5700000
302,CPD25151,Police Department,Computer Aided Dispatch System Upgrade,CAD upgrades to match the RMS system replacement and allow for interoperability between CAD and RMS.,Police Department,Implementation Underway,Citywide,3301000,0,0,0,0,0,0,0,0,1064631,25000,500000,1711369,0,0,0,0,0,0,0,0,0,3301000
303,CPD24768,Police Department,Evidence/Archives/Central Supply Study,"Program and siting study for new facility to house evidence management, archives, and central supply functions.",Public Facilities Department,To Be Scheduled,Citywide,75000,0,0,0,0,0,0,0,0,0,0,0,75000,0,0,0,0,0,0,0,0,0,75000
304,CPR25393,Parks and Recreation Department,Chandler Pond Phase 2,"Restoration of remaining shoreline, including removing invasives, erosion control, and establishing designated access to the pond.",Parks and Recreation Department,New Project,Allston / Brighton,0,700000,0,0,0,0,0,0,0,0,0,450000,250000,0,0,0,0,0,0,0,0,0,700000
305,CPR25052,Parks and Recreation Department,Public Garden Tool House,Design of facility upgrades at the Public Garden Tool Shed.,Parks and Recreation Department,To Be Scheduled,Beacon Hill,8610000,0,0,0,0,0,0,0,0,659680,0,450000,7500320,0,0,0,0,0,0,0,0,0,8610000
306,CTD25269,Transportation Department,Dorchester Greenway Study,"Plan and design a linear park through Dorchester near the covered portion of the MBTA Red Line, supported with MassTrails grant.",Transportation Department,Study Underway,Dorchester,368250,0,0,0,0,0,0,0,0,13595,50000,145000,159655,0,0,0,0,0,0,0,0,300000,668250
307,CLD21306,Boston Public Library,North End Branch Library,Assess the existing interior and exterior physical conditions and systems according to how ably the branch can accomplish the Compass principles; develop and implement an improvement plan.,Public Facilities Department,To Be Scheduled,North End,-510000,0,610000,0,0,0,0,0,0,0,0,0,100000,0,0,0,0,0,0,0,0,0,100000
308,CLD25014,Boston Public Library,South Boston Branch Library Study,Conduct a facility assessment and develop a building program that reflects the BPL's Compass Principles and supports the needs of the neighborhood. Design and construct a new branch library.,Public Facilities Department,To Be Scheduled,South Boston,250000,0,0,0,0,0,0,0,0,0,0,0,250000,0,0,0,0,0,0,0,0,0,250000
309,CPS25087,Boston Public Schools,Allston Elementary School Design,Develop a building program and design for the construction of a new preK-6 school to be located on the site of the Jackson Mann School.,Public Facilities Department,To Be Scheduled,Allston / Brighton,500000,0,0,0,0,0,0,0,0,0,0,0,500000,0,0,0,0,0,0,0,0,0,500000
310,CPS25132,Boston Public Schools,West Roxbury Education Complex Study,Design study to demolish and rebuild the West Roxbury Education Complex as a comprehensive 7-12 school.,Public Facilities Department,To Be Scheduled,West Roxbury,500000,0,0,0,0,0,0,0,0,214212,0,0,285788,0,0,0,0,0,0,0,0,0,500000
311,CTD25277,Transportation Department,Traffic Signal Communications Improvements,Install fiber optic cable and replaces existing traffic controller units at 104 intersections to improve signal management.,Public Works Department,In Construction,Citywide,1880000,0,0,0,0,0,0,0,0,1223779,300000,356221,0,0,0,0,0,0,0,0,0,0,1880000
312,CND25193,Mayor's Office of Housing,BHA Retrofit,"Conduct energy efficiency retrofits at various BHA sites across Boston by electrifying HVAC systems and replacing natural gas stoves appliances, and electrifying other energy systems.",Boston Housing Authority,Completed,Citywide,25000000,0,0,25000000,0,0,0,0,0,0,0,0,25000000,0,25000000,0,0,0,0,0,0,0,50000000
313,CPR25029,Parks and Recreation Department,Ringer Playground,Design of recommendations from the master plan.,Parks and Recreation Department,In Construction,Allston / Brighton,1700000,0,0,0,0,0,500000,0,0,172536,1165000,362464,0,0,0,0,0,0,500000,0,0,900000,3100000
314,CAR25124,Office of Arts & Culture,Art Signage Upgrades,"Design, fabricate, and install custom interpretative signage for numerous artworks across the City.",Office of Arts & Culture,Implementation Underway,Citywide,100000,0,0,0,0,0,0,0,0,0,0,50000,50000,0,0,0,0,0,0,0,0,0,100000
315,CAR25125,Office of Arts & Culture,Park Plaza Monument/Memorial,"Select an artist who will design, manage the fabrication and the installation of a new artwork to be installed on the site formerly occupied by the Emancipation Group statue in Park Plaza.",Office of Arts & Culture,To Be Scheduled,Bay Village,500000,0,0,0,0,0,0,0,0,0,0,0,500000,0,0,0,0,0,0,0,0,0,500000
316,CFD25394,Fire Department,Fire Apparatus FY29-32,"Purchase new fire apparatus on the next contract, including ladders, engines, and towers.",Fire Department,To Be Scheduled,Citywide,0,4022500,1977500,0,0,0,0,0,0,0,0,0,6000000,0,0,0,0,0,0,0,0,0,6000000
317,CPS25395,Boston Public Schools,ARP 2024: Adams School Improvements,Replace the windows and doors and perform ADA upgrades at the Adams School as part of the MSBA ARP program.,Public Facilities Department,In Construction,East Boston,9198485,0,0,0,0,0,10798221,0,0,0,500000,3000000,5698485,0,0,0,0,0,500000,3500000,6798221,0,19996706
318,CPS25396,Boston Public Schools,ARP 2024: Everett & Murphy Improvements,Replace the windows and doors at the Everett and Murphy Schools as part of the MSBA ARP program.,Public Facilities Department,In Construction,Dorchester,2954175,0,0,0,0,0,3467944,0,0,0,500000,1750000,704175,0,0,0,0,0,500000,2000000,967944,0,6422119
319,CPS25397,Boston Public Schools,ARP 2024: Kenny & O'Donnell Improvements,Replace the roof at the Kenny & O'Donnell Schools as part of the MSBA ARP program.,Public Facilities Department,In Construction,Multiple Neighborhoods,1362927,0,0,0,0,0,1599957,0,0,0,500000,862927,0,0,0,0,0,0,500000,1099957,0,0,2962884
320,CPS25398,Boston Public Schools,ARP 2024: Lyndon & Gardner Improvements,Replace the windows and doors at the Lyndon and Gardner Schools as part of the MSBA ARP program.,Public Facilities Department,In Construction,Multiple Neighborhoods,5350444,0,0,0,0,0,5611335,0,0,0,500000,2000000,2850444,0,0,0,0,0,500000,2500000,2611335,0,10961779
321,CPS25399,Boston Public Schools,ARP 2025: Heat Pumps and Roof at 2 Schools,Install heat pump HVAC system at the Margarita Muñiz Academy and Orchard Gardens K-8 and replace the roof at Orchard Gardens K-8 as part of the MSBA ARP program.,Public Facilities Department,In Design,Multiple Neighborhoods,426820,0,0,0,0,0,473180,0,0,0,0,250000,176820,0,0,0,0,0,0,275000,198180,0,900000
322,CTD25402,Transportation Department,Commonwealth Ave Transit Coordination,Coordinate with the MBTA on upgrades to Green Line B-Branch and Commonwealth Avenue.,Transportation Department,New Project,Allston / Brighton,0,0,2000000,0,0,0,0,0,0,0,0,0,2000000,0,0,0,0,0,0,0,0,0,2000000
323,CTD25158,Transportation Department,Norwell Street Square,Develop dead-end section of Park Street into a plaza in conjunction with the development of a park in the adjacent lots.,Parks and Recreation Department,In Construction,Dorchester,145000,0,0,0,0,0,0,0,0,0,7500,100000,37500,0,0,0,0,0,0,0,0,1460000,1605000
324,CPS25403,Boston Public Schools,BPS Data Modernization,"Migrate BPS district data from on-site data servers to cloud-based hosting, upgrade and replace legacy on-site hardware systems, and upgrade cybersecurity tools.",Boston Public Schools,Implementation Underway,Citywide,2800000,0,0,0,0,0,0,0,0,0,25000,1500000,1275000,0,0,0,0,0,0,0,0,0,2800000
325,CPS25405,Boston Public Schools,ARP 2025: Roofs at 3 Schools,"Repair and replace roofs at the Boston Adult Academy, Hurley, and Mildred Ave schools.",Public Facilities Department,In Design,Multiple Neighborhoods,79180,0,0,0,0,0,120820,0,0,0,0,79180,0,0,0,0,0,0,0,120820,0,0,200000
